ccode,cilocode,Country,industry,indcode,v_1980,v_1981,v_1982,v_1983,v_1984,v_1985,v_1986,v_1987,v_1988,v_1989,v_1990,v_1991,v_1992,v_1993,v_1994,v_1995,v_1996,v_1997,v_1998,v_1999,v_2000
AUS,36,Australia,0;Total,0,6284.3,6416.5,6414.9,6300.4,6493.9,6697.5,6974.5,7128.8,7398.3,7719.8,7858.9,7675.6,7636.9,7679.6,7920.7,.,.,.,.,.,.
AUS,36,Australia,"1;Agriculture, hunting, forestry and fishing",1,407.3,415.9,411.9,415.9,402.5,414.4,427.2,413.8,433.6,428.5,439.1,422,404.5,408.8,403.6,.,.,.,.,.,.
AUS,36,Australia,2;Mining and quarrying,2,82.9,94.5,95.3,97.8,96.3,99.6,102,101.9,95.7,103.1,98.6,92.2,88.4,88.9,86.3,.,.,.,.,.,.
AUS,36,Australia,3;Manufacturing,3,1246.5,1252.3,1213.6,1143.4,1145.3,1116,1119.6,1132.1,1165.6,1201.5,1166.5,1091.3,1075.7,1067.9,1106,.,.,.,.,.,.
AUS,36,Australia,"4;Electricity, gas and water",4,129.5,128.9,132.9,140.4,146.6,137.3,141.1,126.4,120.7,117,105.6,102.3,104.2,95.5,90.2,.,.,.,.,.,.
AUS,36,Australia,5;Construction,5,486.8,482.3,466.2,408.1,428.6,480,489.3,503.7,535.8,601.1,594.2,539.5,522.1,550.5,569.6,.,.,.,.,.,.
AUS,36,Australia,6;Wholesale and retail trade and restaurants and hotels,6,1494.3,1491.9,1481.1,1455.9,1495.2,1558.4,1642.1,1683.2,1790.9,1894.3,1947.1,1926.2,1922.6,1950.8,2014.4,.,.,.,.,.,.
AUS,36,Australia,"7;Transport, storage and communication",7,460.4,479.9,504,499.4,495.4,512.2,526,516,517.5,534.3,531.3,527,493.1,484.5,510.7,.,.,.,.,.,.
AUS,36,Australia,"8;Financing, insurance, real estate and business services",8,517.7,557.1,577.8,572.2,615.9,739.7,788.2,837.7,888.7,960.5,1001.5,985.9,980.9,952.6,1026.2,.,.,.,.,.,.
AUS,36,Australia,"9;Community, social and personal services",9,1450.5,1496.1,1522.1,1555.8,1648.7,1645.1,1712.8,1785.3,1817.7,1875.9,1052.5,1981.5,2020.8,2045.3,2078.3,.,.,.,.,.,.
AUT,40,Austria,0;Total,0,.,.,.,3158.4,3235.3,3234.5,3282.3,3299.8,3310.6,3346.4,3421.1,3481.7,3546.7,3575.5,3742,.,.,.,.,.,.
AUT,40,Austria,"1;Agriculture, hunting, forestry and fishing",1,.,.,.,313.2,304.1,290.9,282.7,284.7,269.6,265.5,268.7,256.4,250.2,246.5,269.3,.,.,.,.,.,.
AUT,40,Austria,2;Mining and quarrying,2,.,.,.,15.2,16.7,14.2,14,13.9,16.2,12.9,11.6,12,12.6,10.2,9.1,.,.,.,.,.,.
AUT,40,Austria,3;Manufacturing,3,.,.,.,894.4,920.6,913.1,925.3,931.3,914.7,910.4,921.8,934.7,921.9,902.8,817.7,.,.,.,.,.,.
AUT,40,Austria,"4;Electricity, gas and water",4,.,.,.,41.4,39.8,41.9,40.5,40.5,37.7,41.5,40.2,40.2,38.4,35.9,35.3,.,.,.,.,.,.
AUT,40,Austria,5;Construction,5,.,.,.,274.3,255.9,263.7,261.6,257.5,267.7,273.4,286.3,296.8,288,305.8,352.7,.,.,.,.,.,.
AUT,40,Austria,6;Wholesale and retail trade and restaurants and hotels,6,.,.,.,539.7,587.1,578,599.7,582.3,596.1,610.1,633.9,660.7,666.5,674.3,772.5,.,.,.,.,.,.
AUT,40,Austria,"7;Transport, storage and communication",7,.,.,.,205.9,205.1,208.2,218.9,218,208.3,213.5,217.8,223.6,234.1,232.5,246,.,.,.,.,.,.
AUT,40,Austria,"8;Financing, insurance, real estate and business services",8,.,.,.,173.6,170.5,178.8,186.3,193.2,199.6,206.4,220.9,232,264.8,265.3,344.1,.,.,.,.,.,.
AUT,40,Austria,"9;Community, social and personal services",9,.,.,.,698.8,711,735.7,741.2,767.3,784.7,798.9,804.6,806.4,849.1,882.5,895.4,.,.,.,.,.,.
AUT,40,Austria,11;not adequately defined,11,.,.,.,2,9.4,10,12.2,11.1,15.9,13.8,15,18.9,21,19.7,19.7,.,.,.,.,.,.
AZE,31,Azerbaijan,0;Total,0,.,.,.,2503.1,2559.4,2619.2,2671.1,2749.5,2761.3,2880,3703.4,3732,3722,3714.6,3631.3,3613,3686.7,3694.1,3701.5,3702.8,3704.5
AZE,31,Azerbaijan,"1;Agriculture, hunting, forestry and fishing",1,.,.,.,835.3,854.8,870.3,884.5,925.3,904.1,910.3,1144.4,1186.1,1291.5,1203.5,1143.9,1112.8,1172.4,1071.3,1085.4,.,.
AZE,31,Azerbaijan,3;Manufacturing,3,.,.,.,457.1,464.8,474.1,480.4,484.8,487,483.1,469.1,458.8,429.4,391.8,373.7,352.1,282.9,242,240.2,.,.
AZE,31,Azerbaijan,"4;Electricity, gas and water",4,.,.,.,75.1,78.1,81.7,83.5,87,92.5,109,125.9,126.8,99.3,107.7,116.2,104.8,110.6,121.9,126.6,.,.
AZE,31,Azerbaijan,5;Construction,5,.,.,.,195.9,200.9,210.4,217.8,228,229.1,243.4,251.7,245.7,225.6,212.3,191.7,185.1,164.1,153.3,150.2,.,.
AZE,31,Azerbaijan,6;Wholesale and retail trade and restaurants and hotels,6,.,.,.,162,166,171.7,174.5,177.7,185.6,262.4,366.6,388.3,388.3,445.8,464.8,505.8,582.5,768.4,772.3,.,.
AZE,31,Azerbaijan,"7;Transport, storage and communication",7,.,.,.,221,224.4,230.6,232,230.3,221.8,200.8,215.8,215.8,196,196.2,190.5,159.1,168.3,166.3,166.8,.,.
AZE,31,Azerbaijan,"8;Financing, insurance, real estate and business services",8,.,.,.,9.8,10,9.9,10,10.4,10.2,10.8,10.7,10.4,10.5,12.6,12.9,14.2,14,10.5,10.2,.,.
AZE,31,Azerbaijan,"9;Community, social and personal services",9,.,.,.,446.4,458.2,469.2,483.2,495.1,521.3,546.9,558.4,587.1,562.2,607.8,616.6,613.7,625.4,618.1,618.3,.,.
AZE,31,Azerbaijan,11;not adequately defined,11,.,.,.,100.5,102.2,101.3,105.2,110.9,109.7,113.3,560.8,513,519.2,536.9,521,565.4,566.5,542.3,531.5,.,.
BGD,50,Bangladesh,0;Total,0,.,.,.,27976,28977,30563,.,.,.,50148,50159,.,.,.,.,.,54597,.,.,.,51764
BGD,50,Bangladesh,"1;Agriculture, hunting, forestry and fishing",1,.,.,.,16448,16712,17463,.,.,.,32571,33303,.,.,.,.,.,34530,.,.,.,32171
BGD,50,Bangladesh,2;Mining and quarrying,2,.,.,.,46,3,3,.,.,.,89,15,.,.,.,.,.,23,.,.,.,295
BGD,50,Bangladesh,3;Manufacturing,3,.,.,.,2483,2688,3019,.,.,.,6975,5925,.,.,.,.,.,4085,.,.,.,3783
BGD,50,Bangladesh,"4;Electricity, gas and water",4,.,.,.,68,91,138,.,.,.,17,40,.,.,.,.,.,103,.,.,.,134
BGD,50,Bangladesh,5;Construction,5,.,.,.,487,552,647,.,.,.,661,525,.,.,.,.,.,1015,.,.,.,1099
BGD,50,Bangladesh,6;Wholesale and retail trade and restaurants and hotels,6,.,.,.,3255,3610,3833,.,.,.,4130,4285,.,.,.,.,.,6060,.,.,.,6275
BGD,50,Bangladesh,"7;Transport, storage and communication",7,.,.,.,1088,1170,1321,.,.,.,1278,1611,.,.,.,.,.,2308,.,.,.,2509
BGD,50,Bangladesh,"8;Financing, insurance, real estate and business services",8,.,.,.,136,199,367,.,.,.,238,296,.,.,.,.,.,213,.,.,.,403
BGD,50,Bangladesh,"9;Community, social and personal services",9,.,.,.,2294,2550,2563,.,.,.,1794,1909,.,.,.,.,.,5092,.,.,.,2969
BGD,50,Bangladesh,11;not adequately defined,11,.,.,.,1671,1402,1209,.,.,.,2390,2249,.,.,.,.,.,1168,.,.,.,2126
BRB,52,Barbados,0;Total,0,.,100.2,97.3,95.7,93.1,92.1,96.2,97.9,100.3,107.4,105.2,101.4,96.1,95.4,100.7,109.9,114.3,116.1,119.6,122.4,126.3
BRB,52,Barbados,"1;Agriculture, hunting, forestry and fishing",1,.,9.4,8.4,7.7,8.5,7.8,7.9,7.8,7.8,7.1,6.6,5.6,6,5.3,5.9,5.1,.,.,.,5.2,.
BRB,52,Barbados,3;Manufacturing,3,.,14.1,13.8,12.7,12.4,12,11,12.3,12.2,12.7,11.9,10.2,10,10,10,11.7,.,.,.,10.3,.
BRB,52,Barbados,"4;Electricity, gas and water",4,.,1.2,1.6,1.9,1.9,2.3,2.2,1.9,1.4,1.2,1.5,1.7,1.6,1.3,1,1,.,.,.,2,.
BRB,52,Barbados,5;Construction,5,.,6.3,7.6,7.8,6.9,7.1,8.2,7.7,9.2,11,9.6,8.5,7.3,6.9,7.8,8.8,.,.,.,14,.
BRB,52,Barbados,6;Wholesale and retail trade and restaurants and hotels,6,.,23.4,21.8,21.5,19.9,20.1,21.1,21.9,23.3,16,16.5,16,14.3,14.5,15.3,16.6,.,.,.,29.5,.
BRB,52,Barbados,"7;Transport, storage and communication",7,.,4.8,4.9,5.4,5.1,5.1,5.5,6.2,4.3,4.9,6.5,4.8,4.1,4.5,4.2,5.1,.,.,.,4.5,.
BRB,52,Barbados,"8;Financing, insurance, real estate and business services",8,.,3.9,3.7,3.5,3.3,3.2,3.1,3.7,3.7,4.3,3.7,3.9,4.2,5.5,6.3,7.6,.,.,.,30.3,.
BRB,52,Barbados,"9;Community, social and personal services",9,.,37.1,35.5,35.2,35.1,34.5,37.2,36.4,38.4,40.2,38.5,41.8,39,38.1,39.7,42.2,.,.,.,26.4,.
BRB,52,Barbados,11;not adequately defined,11,.,.,.,.,.,.,.,.,.,9.9,10.4,8.9,9.5,9.3,10.4,11.7,.,.,.,0.2,.
BLR,112,Belarus,0;Total,0,.,.,.,.,.,.,.,5144,5173.5,5200.1,5150.8,5022.5,4891.4,4827.7,4700.9,4409.6,4364.8,4369.9,4416.6,4442,4441
BLR,112,Belarus,"1;Agriculture, hunting, forestry and fishing",1,.,.,.,.,.,.,.,1222.7,1184.5,1147.5,1111.1,1061.1,1089.7,1048.8,995.7,.,.,.,.,.,.
BLR,112,Belarus,2;Mining and quarrying,2,.,.,.,.,.,.,.,32.1,31.4,28.7,27,25.6,24.5,29.6,27.2,.,.,.,.,.,.
BLR,112,Belarus,3;Manufacturing,3,.,.,.,.,.,.,.,1462.3,1464.1,1470.5,1445.1,1379.5,1329.1,1311.8,1245.6,.,.,.,.,.,.
BLR,112,Belarus,"4;Electricity, gas and water",4,.,.,.,.,.,.,.,25.1,25.3,26.9,26.9,31.6,34.7,38.1,38.7,.,.,.,.,.,.
BLR,112,Belarus,5;Construction,5,.,.,.,.,.,.,.,376.3,428.1,477.1,484.3,437.5,418.8,369.1,328.9,.,.,.,.,.,.
BLR,112,Belarus,6;Wholesale and retail trade and restaurants and hotels,6,.,.,.,.,.,.,.,341.1,337.9,346.3,349.1,343.5,340.8,405.3,422.3,.,.,.,.,.,.
BLR,112,Belarus,"7;Transport, storage and communication",7,.,.,.,.,.,.,.,409.2,382.1,363.4,363.2,353.3,350.9,328.9,318,.,.,.,.,.,.
BLR,112,Belarus,"8;Financing, insurance, real estate and business services",8,.,.,.,.,.,.,.,27.2,27.2,28.2,28.7,29.8,31,33.6,40.9,.,.,.,.,.,.
BLR,112,Belarus,"9;Community, social and personal services",9,.,.,.,.,.,.,.,1070.5,1103.9,1114.6,1120.2,1112.8,1069.6,1075.6,1099.7,.,.,.,.,.,.
BLR,112,Belarus,11;not adequately defined,11,.,.,.,.,.,.,.,177.5,189,196.9,195.2,247.8,202.3,186.9,183.9,.,.,.,.,.,.
BEL,56,Belgium,0;Total,0,.,.,.,.,.,.,.,.,3495.4,3594.9,3636.7,3730.5,3772.5,.,.,.,.,.,.,.,.
BEL,56,Belgium,"1;Agriculture, hunting, forestry and fishing",1,.,.,.,.,.,.,.,.,103.4,111.4,112.3,95.3,100,.,.,.,.,.,.,.,.
BEL,56,Belgium,2;Mining and quarrying,2,.,.,.,.,.,.,.,.,17.5,15.2,10.2,7.9,8.3,.,.,.,.,.,.,.,.
BEL,56,Belgium,3;Manufacturing,3,.,.,.,.,.,.,.,.,832.8,855.4,842,844.3,865.5,.,.,.,.,.,.,.,.
BEL,56,Belgium,"4;Electricity, gas and water",4,.,.,.,.,.,.,.,.,34.1,36.5,36.6,48.3,41.5,.,.,.,.,.,.,.,.
BEL,56,Belgium,5;Construction,5,.,.,.,.,.,.,.,.,205,216.8,222.5,231.8,245.5,.,.,.,.,.,.,.,.
BEL,56,Belgium,6;Wholesale and retail trade and restaurants and hotels,6,.,.,.,.,.,.,.,.,620,627.9,668,642.2,657.3,.,.,.,.,.,.,.,.
BEL,56,Belgium,"7;Transport, storage and communication",7,.,.,.,.,.,.,.,.,248.8,256.1,256.3,278.1,268.9,.,.,.,.,.,.,.,.
BEL,56,Belgium,"8;Financing, insurance, real estate and business services",8,.,.,.,.,.,.,.,.,275.7,287.3,286.6,303,325.7,.,.,.,.,.,.,.,.
BEL,56,Belgium,"9;Community, social and personal services",9,.,.,.,.,.,.,.,.,1124.8,1155.6,1173.1,1250.1,1231.3,.,.,.,.,.,.,.,.
BEL,56,Belgium,11;not adequately defined,11,.,.,.,.,.,.,.,.,34.2,32.7,29.1,29.7,28.5,.,.,.,.,.,.,.,.
BOL,68,Bolivia,0;Total,0,.,.,.,.,.,.,.,.,.,847.82,857.71,887.71,1048.42,.,.,.,.,.,.,.,.
BOL,68,Bolivia,"1;Agriculture, hunting, forestry and fishing",1,.,.,.,.,.,.,.,.,.,16.43,10.36,15.97,22.06,.,.,.,.,.,.,.,.
BOL,68,Bolivia,2;Mining and quarrying,2,.,.,.,.,.,.,.,.,.,16.23,18.12,20.42,19.71,.,.,.,.,.,.,.,.
BOL,68,Bolivia,3;Manufacturing,3,.,.,.,.,.,.,.,.,.,108.49,133.75,158.94,203.52,.,.,.,.,.,.,.,.
BOL,68,Bolivia,"4;Electricity, gas and water",4,.,.,.,.,.,.,.,.,.,3.98,5.3,6.86,9.34,.,.,.,.,.,.,.,.
BOL,68,Bolivia,5;Construction,5,.,.,.,.,.,.,.,.,.,53.88,55.5,76.12,97.13,.,.,.,.,.,.,.,.
BOL,68,Bolivia,6;Wholesale and retail trade and restaurants and hotels,6,.,.,.,.,.,.,.,.,.,244.91,220.69,260.16,305.19,.,.,.,.,.,.,.,.
BOL,68,Bolivia,"7;Transport, storage and communication",7,.,.,.,.,.,.,.,.,.,64.53,65.11,64.71,75.75,.,.,.,.,.,.,.,.
BOL,68,Bolivia,"8;Financing, insurance, real estate and business services",8,.,.,.,.,.,.,.,.,.,23.19,25.71,32.1,40.35,.,.,.,.,.,.,.,.
BOL,68,Bolivia,"9;Community, social and personal services",9,.,.,.,.,.,.,.,.,.,316.01,319.75,252.35,274.73,.,.,.,.,.,.,.,.
BOL,68,Bolivia,11;not adequately defined,11,.,.,.,.,.,.,.,.,.,0.19,3.38,0.05,0.77,.,.,.,.,.,.,.,.
BRA,76,Brazil,0;Total,0,.,45465,47926,48466,50209,53761,55436,57410,58729,60622,62100,.,65395,66570,.,69629,67920,69332,69963,71676,.
BRA,76,Brazil,"1;Agriculture, hunting, forestry and fishing",1,.,13300,14139,13115,14975,15389,14331,14116,14233,14042,14181,.,18500,18254,.,18154,16541,16771,16338,17372,.
BRA,76,Brazil,2;Mining and quarrying,2,.,751,760,890,861,848,820,856,996,915,860,.,910,947,.,863,769,774,862,783,.
BRA,76,Brazil,3;Manufacturing,3,.,6810,7030,6775,7136,7907,8986,9005,8986,9647,9410,.,8377,8539,.,8548,8410,8507,8230,8279,.
BRA,76,Brazil,5;Construction,5,.,3664,3423,4628,2927,3125,3589,3813,3726,3786,3823,.,4023,4289,.,4229,4337,4583,4980,4743,.
BRA,76,Brazil,6;Wholesale and retail trade and restaurants and hotels,6,.,4688,4954,5112,5354,5869,6252,6655,6789,7423,7976,.,7937,8475,.,9117,9071,9223,9417,9618,.
BRA,76,Brazil,"7;Transport, storage and communication",7,.,1768,1831,1777,1818,1933,1989,2162,2210,2275,2440,.,2285,2284,.,2543,2553,2759,2787,2815,.
BRA,76,Brazil,"8;Financing, insurance, real estate and business services",8,.,1223,1313,1437,1559,1758,1562,1709,1653,1767,1716,.,1444,1389,.,1334,1308,1278,1309,1344,.
BRA,76,Brazil,"9;Community, social and personal services",9,.,13261,14476,14732,15579,16932,17907,19094,20136,20767,21694,.,21920,22392,.,24841,24931,25436,26040,26721,.
BGR,100,Bulgaria,0;Total,0,4363.9,4417.5,4452.4,4466.3,4459.5,4459.5,4473.3,4486.9,4467.8,4365,4096.8,3564,3273.7,3221.8,3241.6,3282.2,3279.5,.,.,.,.
BGR,100,Bulgaria,"1;Agriculture, hunting, forestry and fishing",1,1062.7,1046.8,1018.4,988.6,957.6,934.8,914.4,884.7,860.6,814.3,757.5,696.5,694,712.6,751.5,782.9,809.8,.,.,.,.
BGR,100,Bulgaria,2;Mining and quarrying,2,108.6,111.7,113.1,113.2,113.1,109.6,113.4,114.7,115.9,114.4,113.9,102.8,.,.,.,.,.,.,.,.,.
BGR,100,Bulgaria,3;Manufacturing,3,1401,1438.3,1474.8,1500.7,1512.5,1522.5,1537.3,1560.7,1547.8,1495.6,1346.6,1090.3,1067.2,978.7,942.9,922,893.5,.,.,.,.
BGR,100,Bulgaria,"4;Electricity, gas and water",4,25.4,27.1,28.4,28.8,29.4,30.1,32,33,35.4,35.7,37.8,36.8,.,.,.,.,.,.,.,.,.
BGR,100,Bulgaria,5;Construction,5,328.7,332.1,335.1,340.5,342.3,346.23,346.5,346.6,342.7,333.3,311.9,235.7,194.7,200,185.4,177.6,171.9,.,.,.,.
BGR,100,Bulgaria,6;Wholesale and retail trade and restaurants and hotels,6,370.1,376.6,384.4,391.8,391.6,393.8,396,404.1,411.8,418.5,393.4,358.5,342.9,352.3,394,393.8,397.4,.,.,.,.
BGR,100,Bulgaria,"7;Transport, storage and communication",7,295.3,296.8,298.2,299.8,298.5,296.5,300.5,300.5,300.4,290.2,286.3,267.1,236.7,241,232.6,251,246.2,.,.,.,.
BGR,100,Bulgaria,"8;Financing, insurance, real estate and business services",8,54.4,55.7,59.4,59.3,58.7,59.1,57.9,58,59.5,60.6,59.6,52.4,51.8,66.8,61.3,71,68.7,.,.,.,.
BGR,100,Bulgaria,"9;Community, social and personal services",9,717.7,732.4,740.6,743.6,755.8,766.9,775.3,784.6,793.7,802.4,789.8,723.9,686.4,670.4,673.9,683.9,692,.,.,.,.
CAN,124,Canada,0;Total,0,10708,11001,10618,10675,10932,11221,11531,11861,12245,12486,12572,12340,12240,12383,13291.7,13505.5,13676.2,13940.6,.,.,.
CAN,124,Canada,"1;Agriculture, hunting, forestry and fishing",1,583,600,561,590,588,575,570,566,556,537,531,554,533,550,546,554.3,564.8,537.3,.,.,.
CAN,124,Canada,2;Mining and quarrying,2,196,208,171,167,177,189,182,179,182,179,180,174,157,150,157,171.8,168.3,177.2,.,.,.
CAN,124,Canada,3;Manufacturing,3,2111,2124,1928,1879,1954,1960,1989,2018,2104,2126,2001,1865,1788,1800,1949,2060.9,2082.5,2166.8,.,.,.
CAN,124,Canada,"4;Electricity, gas and water",4,124,128,121,119,121,121,119,118,129,134,136,136,149,142,144,142.4,147,139.9,.,.,.
CAN,124,Canada,5;Construction,5,624,651,595,562,564,579,618,673,726,764,778,645,681,660,750,723.6,718.6,747.3,.,.,.
CAN,124,Canada,6;Wholesale and retail trade and restaurants and hotels,6,2411,2473,2411,2421,2520,2613,2731,2798,2886,2926,3014,2935,2917,2912,3152,3167.7,3254.1,3283.9,.,.,.
CAN,124,Canada,"7;Transport, storage and communication",7,782,783,760,746,731,754,772,781,776,827,815,781,773,767,834,890.4,872.6,897.1,.,.,.
CAN,124,Canada,"8;Financing, insurance, real estate and business services",8,1018,1040,1042,1041,1088,1128,1178,1265,1348,1393,1456,1471,1439,1466,1611,1676.3,1718.5,1799.9,.,.,.
CAN,124,Canada,"9;Community, social and personal services",9,2858,2993,3028,3151,3189,3300,3373,3462,3529,3600,3661,3731,3804,3937,4149,4118.1,4149.8,4191.1,.,.,.
CHL,152,Chile,0;Total,0,3256.3,3271,2943.2,3215.8,3349.3,3720.6,3895.7,4010.6,4266.2,4424.9,4459.5,4540.4,4773.3,4985.73,4988.25,5025.82,5298.7,5380.16,5432.35,5404.48,5381.46
CHL,152,Chile,"1;Agriculture, hunting, forestry and fishing",1,529.7,508.2,477.5,509.4,536.2,751.1,801.9,837.4,865.2,857.4,858.6,866.6,860.09,825.31,808.9,789.18,816.4,775.89,784.36,780.07,776.95
CHL,152,Chile,2;Mining and quarrying,2,71.8,63.3,54,59.5,66.6,86.1,84.6,82.2,88.2,103.1,101.6,97.7,86.89,92.14,86.32,89.81,90.6,87.86,81.81,73.3,70.31
CHL,152,Chile,3;Manufacturing,3,524.1,516.2,373.9,405.9,463.4,494.7,531.3,607.3,670.5,746,716.2,753,813.22,835.25,818.83,817.73,859.6,860.8,818.55,775.48,754.17
CHL,152,Chile,"4;Electricity, gas and water",4,24.5,26.7,24.6,23.7,26,26.1,24.7,25.1,25.4,23.8,21.9,21.5,24.75,26.95,33.59,27.36,41.7,31.14,37.56,28.46,28.36
CHL,152,Chile,5;Construction,5,151.4,169.7,84.1,93.5,120.3,145.5,184.9,209,276.1,298.9,286.2,321.8,338.54,402.97,360.88,374.61,417,488.75,448.47,388.64,406.08
CHL,152,Chile,6;Wholesale and retail trade and restaurants and hotels,6,589.4,620.6,509.5,550.4,624.1,644.6,650.5,690.5,731.8,756.2,788.6,774.7,819.17,925.56,940.73,932.13,931.9,975.86,1005.51,1027.22,995.45
CHL,152,Chile,"7;Transport, storage and communication",7,211.1,218.1,185.1,195.8,206.9,214.4,230.8,253.4,275,301.4,309.6,308.4,335.18,354.75,371.29,385.25,393.9,400.95,432.68,403.23,430.18
CHL,152,Chile,"8;Financing, insurance, real estate and business services",8,101.1,116.9,109.8,110.7,111.8,150.8,156.3,177.2,182.1,192.3,202.9,228,244.39,288.94,298.52,323.67,369.4,376.52,405.68,390.35,425.77
CHL,152,Chile,"9;Community, social and personal services",9,1046.8,1028.9,1121.3,1265.4,1192,1206.9,1229.5,1126.6,1150.6,1145.1,1173.2,1167.7,1220.66,1233.34,1268.46,1285.23,1377.9,1382.43,1417.73,1537.73,1494.21
CHL,152,Chile,11;not adequately defined,11,6.5,2.4,2.4,2.5,1.5,0.5,1.2,0.9,1,0.4,0.2,0.5,0.43,0.53,0.74,0.85,0.2,.,.,.,.
CHN,156,China,0;Total,0,423610,437250,452950,464360,481970,498730,512820,527830,543340,553290,639090,647990,655540,668080,674550,680650,689500,698200,706370,713940,720850
CHN,156,China,"1;Agriculture, hunting, forestry and fishing",1,.,.,.,.,.,.,.,316630,322490,332250,341770,349560,347950,339660,333860,330180,329100,330950,332320,334930,333550
CHN,156,China,2;Mining and quarrying,2,.,.,.,.,.,.,.,8190,8320,8420,8820,9050,8930,9320,9150,9320,9020,8680,7210,6670,5970
CHN,156,China,3;Manufacturing,3,.,.,.,.,.,.,.,83590,86520,85470,86240,88390,91060,92950,96130,98030,97630,96120,83190,81090,80430
CHN,156,China,"4;Electricity, gas and water",4,.,.,.,.,.,.,.,1640,1770,1800,1920,2030,2150,2400,2460,2580,2730,2830,2830,2850,2840
CHN,156,China,5;Construction,5,.,.,.,.,.,.,.,23840,24910,24070,24240,24820,26600,30500,31880,33220,34080,34490,33270,34120,35520
CHN,156,China,6;Wholesale and retail trade and restaurants and hotels,6,.,.,.,.,.,.,.,25760,27430,27700,28390,29980,32090,34590,39210,42920,45110,47950,46450,47510,46860
CHN,156,China,"7;Transport, storage and communication",7,.,.,.,.,.,.,.,14530,15210,15220,15660,16170,16740,16880,18640,19420,20130,20620,20000,20220,20290
CHN,156,China,"8;Financing, insurance, real estate and business services",8,.,.,.,.,.,.,.,2090,2360,2480,2620,2820,3020,3360,3380,3560,3760,3950,4080,4240,4270
CHN,156,China,"9;Community, social and personal services",9,.,.,.,.,.,.,.,14260,15050,15720,16730,17400,17910,15730,16590,17450,18400,19030,19650,20250,20250
CHN,156,China,11;not adequately defined,11,.,.,.,.,.,.,.,37300,39280,50160,113300,107770,109090,122690,123250,123970,129540,133580,157370,162060,170880
HKG,344,"China, Hong Kong Special Administrative Region",0;Total,0,2237.8,2411.1,2407.1,2426.7,2505.2,2543.3,2623.7,2680.8,2725,2723.1,2711.5,2753.7,2737.6,2800.1,2872.8,2905.1,3073.3,3163.6,3122,3112.1,3207.3
HKG,344,"China, Hong Kong Special Administrative Region","1;Agriculture, hunting, forestry and fishing",1,32,30.9,32.4,29.3,30.1,41.5,41,41.4,34.8,30.5,23.4,22.2,18.8,17.9,17.8,16.5,12.4,10.5,9.3,9.2,9.3
HKG,344,"China, Hong Kong Special Administrative Region",2;Mining and quarrying,2,0.6,0.9,0.7,1.3,0.6,0.7,1,1,0.5,0.6,0.6,0.4,0.4,0.3,0.3,0.2,0.5,0.5,0.2,0.3,0.3
HKG,344,"China, Hong Kong Special Administrative Region",3;Manufacturing,3,943.1,940.1,903.1,880,927.7,918.8,919.2,916,870.9,808.9,751,717,650.5,594,562.6,534.6,489.9,443,379.6,353.9,333.7
HKG,344,"China, Hong Kong Special Administrative Region","4;Electricity, gas and water",4,11.6,11.6,12.5,13.1,12.1,17,17.8,18,17.3,17,18.6,18.2,20,19.1,18.9,20.4,21.8,19.1,17.7,17,16.6
HKG,344,"China, Hong Kong Special Administrative Region",5;Construction,5,167.2,217.9,203.5,197.2,189.8,191.8,201.1,215.5,231.3,229.6,226,224.9,231.2,221.1,220.5,229.3,273.1,303.1,306.6,286.8,301.7
HKG,344,"China, Hong Kong Special Administrative Region",6;Wholesale and retail trade and restaurants and hotels,6,448.6,502,515.2,528.1,550.2,573.8,603.1,626.1,661.6,679,703.2,732.1,747.9,795.8,827.6,824.9,907.8,960.8,953.5,935.1,981.7
HKG,344,"China, Hong Kong Special Administrative Region","7;Transport, storage and communication",7,163.2,164.5,181.2,187.8,198.1,206.5,217,228,245.4,260.8,268.4,273.6,294.7,314.9,340,327.7,336.2,343.4,349.2,339.4,356.6
HKG,344,"China, Hong Kong Special Administrative Region","8;Financing, insurance, real estate and business services",8,102.9,120.8,127.6,134.1,133.4,147.4,161.8,170.3,184.8,200.9,208.6,229.1,231.9,289.2,326.2,341.7,363.8,405.1,410.3,437.7,452.7
HKG,344,"China, Hong Kong Special Administrative Region","9;Community, social and personal services",9,368.3,422.4,430.6,455.8,462.9,445.7,461.5,464.5,478.4,495.7,511.8,536.1,542.1,547.7,558.8,609.8,667.9,678.2,695.6,732.9,754.7
HKG,344,"China, Hong Kong Special Administrative Region",11;not adequately defined,11,0.3,.,0.3,0.1,0.2,0.1,.,.,.,.,.,.,.,.,0.1,.,.,.,.,.,.
COL,170,Colombia,0;Total,0,3202.24,.,.,.,.,3099.94,3247.61,3442.63,3572.18,3668.33,4324.68,4857.32,5004.89,5288.03,5384.09,5464.94,5415.53,5657.44,5654.88,5640.63,5909.65
COL,170,Colombia,"1;Agriculture, hunting, forestry and fishing",1,43.3,.,.,.,.,42.04,46.9,46.68,47.47,46.08,61.83,62.41,70.89,60.25,70.52,55.92,67.63,56.02,58.02,63.84,65.16
COL,170,Colombia,2;Mining and quarrying,2,12.88,.,.,.,.,10.7,15.54,14.63,13.86,17.31,20.82,21.33,20.25,19.69,24.56,18.79,20.1,20.79,14.43,15.31,12.35
COL,170,Colombia,3;Manufacturing,3,821.03,.,.,.,.,680.89,701.79,773.02,805.51,840.76,1030.9,1166.44,1179.78,1232.91,1230.87,1229.83,1210.69,1153.67,1099.08,1039.72,1194.3
COL,170,Colombia,"4;Electricity, gas and water",4,23.92,.,.,.,.,23.12,17.16,21.85,24.74,26.16,33.43,29.66,33.5,33.75,32.68,36.65,35.81,35.86,32.78,33.42,37.21
COL,170,Colombia,5;Construction,5,230.05,.,.,.,.,194.88,207.69,223,226.9,212.11,250.14,268.71,312.94,371.86,403.58,436.11,345.88,350.43,362.39,269.51,265.56
COL,170,Colombia,6;Wholesale and retail trade and restaurants and hotels,6,760.94,.,.,.,.,781.06,854.29,872.03,907.61,898.92,1087.34,1283.06,1274.85,1336.91,1413.41,1405.47,1358.35,1440.73,1431.84,1483.03,1534.8
COL,170,Colombia,"7;Transport, storage and communication",7,192.4,.,.,.,.,197.68,208.61,205.23,215.21,219.89,284.1,309.69,308.91,351.1,363.12,375.34,398.62,416.09,411.62,442.03,402.05
COL,170,Colombia,"8;Financing, insurance, real estate and business services",8,217.57,.,.,.,.,210.54,214.9,241.87,273.01,292.23,322.1,332.58,255.29,392.34,413.21,429.7,480.97,528.33,519.11,499.79,481.44
COL,170,Colombia,"9;Community, social and personal services",9,897.78,.,.,.,.,957,978.89,1041.31,1055.89,1113.35,1232.69,1375.17,1433.32,1478.61,1429.24,1474.02,1491.27,1634.72,1728.04,1779.03,1910.99
COL,170,Colombia,11;not adequately defined,11,2.33,.,.,.,.,1.97,1.81,2.98,1.93,1.27,1.29,8.24,15.1,10.57,2.87,3.06,6.17,20.75,7.52,14.92,5.76
CRI,188,Costa Rica,0;Total,0,724.7,726.22,759.87,767.59,839.68,826.79,854.21,923.31,951.19,986.84,1017.15,1006.64,1042.95,1096.43,1137.58,1168.05,1145.02,.,.,.,.
CRI,188,Costa Rica,"1;Agriculture, hunting, forestry and fishing",1,198.85,200.15,227.95,216.31,251.67,225.79,229.83,259.47,266.88,258.3,263.71,256.39,251.15,247.9,243.57,252.36,247.87,.,.,.,.
CRI,188,Costa Rica,2;Mining and quarrying,2,.,.,.,.,.,.,.,2.53,1.98,1.49,1.54,1.47,1.5,1.58,2.12,2.71,2.09,.,.,.,.
CRI,188,Costa Rica,3;Manufacturing,3,117.86,112.06,115.81,127.13,128.03,131.23,146.28,159.35,157.22,184.45,183.01,188.73,197.15,196.76,203.49,192.79,188.94,.,.,.,.
CRI,188,Costa Rica,"4;Electricity, gas and water",4,.,.,.,.,.,.,.,11.37,12.7,11.73,12.49,11.36,12.96,15.86,16.8,12.29,11.83,.,.,.,.
CRI,188,Costa Rica,5;Construction,5,56.18,48.72,43.3,39.17,41.08,42.01,49.39,54.47,55.97,60.73,65.97,63.43,61.35,67.36,74.56,73.28,64.06,.,.,.,.
CRI,188,Costa Rica,6;Wholesale and retail trade and restaurants and hotels,6,131.25,130.07,131.03,138.98,156.87,156.38,162.87,145.3,149.67,155.17,159.21,156.87,172.7,194.52,209.67,225.81,224.85,.,.,.,.
CRI,188,Costa Rica,"7;Transport, storage and communication",7,47.48,40.91,41.78,43.07,46.99,51.17,48.62,38.47,36.91,35.5,40.07,43.66,48.83,51.97,58.39,62.28,58.51,.,.,.,.
CRI,188,Costa Rica,"8;Financing, insurance, real estate and business services",8,.,.,.,.,.,.,.,27.32,28.37,33.69,33.87,36.78,37.74,46.56,50.61,49.77,50.51,.,.,.,.
CRI,188,Costa Rica,"9;Community, social and personal services",9,171,187.92,193.82,198.64,209.64,214.21,209.31,217.1,233.08,235.42,249.77,238.66,250.87,260.28,267.98,287.11,285.71,.,.,.,.
CRI,188,Costa Rica,11;not adequately defined,11,2.05,6.35,6.15,4.26,5.37,5.87,7.88,7.9,8.37,10.31,7.48,9.27,8.68,13.59,10.35,9.61,10.6,.,.,.,.
CUB,192,Cuba,0;Total,0,.,.,.,.,.,.,.,.,.,.,.,.,.,3815.1,3839.8,3593,3626.7,3705.2,3753.6,3821.3,3843
CUB,192,Cuba,"1;Agriculture, hunting, forestry and fishing",1,.,.,.,.,.,.,.,.,.,.,.,.,.,.,.,835,842.5,933.1,921.6,912.6,937.9
CUB,192,Cuba,2;Mining and quarrying,2,.,.,.,.,.,.,.,.,.,.,.,.,.,.,.,25,24.7,50.1,53.7,42.3,50.5
CUB,192,Cuba,3;Manufacturing,3,.,.,.,.,.,.,.,.,.,.,.,.,.,.,.,634.6,641.3,585.7,577,637.1,615
CUB,192,Cuba,"4;Electricity, gas and water",4,.,.,.,.,.,.,.,.,.,.,.,.,.,.,.,41.7,43.6,51.3,57.9,65.5,53.2
CUB,192,Cuba,5;Construction,5,.,.,.,.,.,.,.,.,.,.,.,.,.,.,.,221.3,221.7,237.9,224.9,208.1,204.5
CUB,192,Cuba,6;Wholesale and retail trade and restaurants and hotels,6,.,.,.,.,.,.,.,.,.,.,.,.,.,.,.,388.3,391.6,435.3,446.5,482,473.6
CUB,192,Cuba,"7;Transport, storage and communication",7,.,.,.,.,.,.,.,.,.,.,.,.,.,.,.,204.6,208,188.8,199.6,181.1,194.9
CUB,192,Cuba,"8;Financing, insurance, real estate and business services",8,.,.,.,.,.,.,.,.,.,.,.,.,.,.,.,45.9,45.8,66,59.8,69.7,55
CUB,192,Cuba,"9;Community, social and personal services",9,.,.,.,.,.,.,.,.,.,.,.,.,.,.,.,1194.6,1207.5,1157,1212.6,1222.9,1258.4
CYP,196,Cyprus,0;Total,0,192.5,198.3,201.6,206.5,214.1,221.8,224.1,231,241.5,250.9,257.2,258,269.3,268.7,274.3,285.1,.,.,.,.,.
CYP,196,Cyprus,"1;Agriculture, hunting, forestry and fishing",1,36.9,37.1,36.3,36.2,36.6,36.3,35.4,35.7,35.8,35.9,34.8,32.1,32.3,31.5,30.1,30.5,.,.,.,.,.
CYP,196,Cyprus,2;Mining and quarrying,2,1.7,1.5,1.3,1.1,1.1,1,1,0.9,0.9,0.7,0.7,0.7,0.7,0.7,0.7,0.8,.,.,.,.,.
CYP,196,Cyprus,3;Manufacturing,3,39.9,41.7,42.5,42.6,44,44.8,43.8,45.3,47.4,48.3,48.5,48,48.1,44.8,43.9,44,.,.,.,.,.
CYP,196,Cyprus,"4;Electricity, gas and water",4,1.5,1.5,1.5,1.5,1.4,1.5,1.4,1.4,1.3,1.3,1.3,1.4,1.4,1.5,1.5,1.5,.,.,.,.,.
CYP,196,Cyprus,5;Construction,5,22,20.9,20.3,20.4,21.1,21.4,21.8,21.2,22,22.4,23.2,24.5,25.5,25,24.8,25.7,.,.,.,.,.
CYP,196,Cyprus,6;Wholesale and retail trade and restaurants and hotels,6,33.7,36.6,38.8,40.9,43.6,47.3,48.6,50.9,54.8,58.5,61.1,61,66.6,67.4,70.8,74.6,.,.,.,.,.
CYP,196,Cyprus,"7;Transport, storage and communication",7,9.5,10.4,10.6,11.6,12,12.6,12.8,13.5,13.9,14.6,15.3,15.4,16.2,16.8,17.8,18.5,.,.,.,.,.
CYP,196,Cyprus,"8;Financing, insurance, real estate and business services",8,8.2,8.5,9.1,9.8,10.4,11.2,11.9,12,13,14.8,16.2,17,18.4,19.4,21,22.6,.,.,.,.,.
CYP,196,Cyprus,"9;Community, social and personal services",9,34.6,35.9,37,38.3,39.8,41.7,43.3,46.1,48.5,50.5,52.3,54.1,56.4,58.2,60.5,63.8,.,.,.,.,.
CYP,196,Cyprus,11;not adequately defined,11,4.5,4.2,4.2,4.1,4.1,4,4,4,3.9,3.9,3.8,3.8,3.7,3.4,3.2,3.1,.,.,.,.,.
CYP,196,Cyprus,;Categories 2-9,29,155.6,161.2,165.3,170.3,177.5,185.5,188.7,195.3,205.7,215,222.4,225.9,237,237.2,244.2,254.6,.,.,.,.,.
DNK,208,Denmark,0;Total,0,.,2368.7,.,2389.3,2488.4,2553.4,2662.5,2678.7,2694.9,2645.3,2670,2647.2,2652.2,2584.1,.,.,.,.,.,.,.
DNK,208,Denmark,"1;Agriculture, hunting, forestry and fishing",1,.,174.3,.,176.8,165,168.8,153.8,151.4,153,148.4,147,149.2,135.9,131.8,.,.,.,.,.,.,.
DNK,208,Denmark,2;Mining and quarrying,2,.,2.3,.,2.7,3.2,4.3,3.6,3.4,3.4,2.4,2.2,2.4,2.6,2.5,.,.,.,.,.,.,.
DNK,208,Denmark,3;Manufacturing,3,.,505.1,.,502.5,482.2,515.3,532.5,520.4,518.8,505.1,531.7,534,530.8,501.7,.,.,.,.,.,.,.
DNK,208,Denmark,"4;Electricity, gas and water",4,.,16.1,.,13.6,17.2,18.7,17.5,19,18.5,19.7,19.8,19.8,18.5,16.2,.,.,.,.,.,.,.
DNK,208,Denmark,5;Construction,5,.,171.9,.,158,157,170.9,187.8,204,182.2,186.8,172.2,166.9,163.4,147.7,.,.,.,.,.,.,.
DNK,208,Denmark,6;Wholesale and retail trade and restaurants and hotels,6,.,336.6,.,323.6,368.4,391.9,380.2,379.5,386.2,369.7,390.8,381.1,377.3,402.1,.,.,.,.,.,.,.
DNK,208,Denmark,"7;Transport, storage and communication",7,.,163.2,.,178.3,178,179.7,187.6,188.3,196.6,195.1,188.8,181.9,185.8,184,.,.,.,.,.,.,.
DNK,208,Denmark,"8;Financing, insurance, real estate and business services",8,.,157.4,.,155.9,184.7,192.6,224.1,238.2,258.8,255.4,246.3,238.4,239.7,257.5,.,.,.,.,.,.,.
DNK,208,Denmark,"9;Community, social and personal services",9,.,824.1,.,859.8,922,905.9,955.4,960.4,957.8,939.5,952.3,953.4,986,932.3,.,.,.,.,.,.,.
DNK,208,Denmark,11;not adequately defined,11,.,17.7,.,18.1,10.6,5.5,20,14.1,19.6,23.2,19,20.2,12.3,8.2,.,.,.,.,.,.,.
DOM,214,Dominican Republic,0;Total,0,.,.,.,.,.,.,.,.,.,.,.,2251.7,2406.39,2416.64,2400.58,2400.68,2471.1,.,.,.,.
DOM,214,Dominican Republic,"1;Agriculture, hunting, forestry and fishing",1,.,.,.,.,.,.,.,.,.,.,.,457.74,451,407.28,345.56,351.15,357.63,.,.,.,.
DOM,214,Dominican Republic,2;Mining and quarrying,2,.,.,.,.,.,.,.,.,.,.,.,7.45,7.9,8.05,9.33,10.4,8.77,.,.,.,.
DOM,214,Dominican Republic,3;Manufacturing,3,.,.,.,.,.,.,.,.,.,.,.,406.78,423.84,448.37,443.15,436.41,433.03,.,.,.,.
DOM,214,Dominican Republic,"4;Electricity, gas and water",4,.,.,.,.,.,.,.,.,.,.,.,8.18,8.32,16.95,17.32,15.04,13.71,.,.,.,.
DOM,214,Dominican Republic,5;Construction,5,.,.,.,.,.,.,.,.,.,.,.,93.15,96.21,104.43,106.69,113.85,127.13,.,.,.,.
DOM,214,Dominican Republic,6;Wholesale and retail trade and restaurants and hotels,6,.,.,.,.,.,.,.,.,.,.,.,483.63,546.11,567.58,557.98,559.08,572.92,.,.,.,.
DOM,214,Dominican Republic,"7;Transport, storage and communication",7,.,.,.,.,.,.,.,.,.,.,.,135.67,144.18,140.65,161.22,175.7,185.96,.,.,.,.
DOM,214,Dominican Republic,"8;Financing, insurance, real estate and business services",8,.,.,.,.,.,.,.,.,.,.,.,58.8,69.53,67.31,88.51,86.07,94.68,.,.,.,.
DOM,214,Dominican Republic,"9;Community, social and personal services",9,.,.,.,.,.,.,.,.,.,.,.,596.06,652.43,652.6,667.32,650.87,671.94,.,.,.,.
DOM,214,Dominican Republic,11;not adequately defined,11,.,.,.,.,.,.,.,.,.,.,.,4.2,6.84,3.4,3.18,2.07,5.28,.,.,.,.
ECU,218,Ecuador,0;Total,0,.,.,.,.,.,.,.,.,2067.4,2192.32,2330.51,2562.43,2693.34,2650.82,2697.5,2891.65,2888.9,3062.19,3151.2,.,.
ECU,218,Ecuador,"1;Agriculture, hunting, forestry and fishing",1,.,.,.,.,.,.,.,.,131.47,151.78,160.19,190.05,178.34,193.97,188.62,178.62,191.17,209.35,230.64,.,.
ECU,218,Ecuador,2;Mining and quarrying,2,.,.,.,.,.,.,.,.,.,.,14.84,12.76,12.14,18.47,16.19,16.13,16.85,11.24,10.62,.,.
ECU,218,Ecuador,3;Manufacturing,3,.,.,.,.,.,.,.,.,364.86,380.79,417.55,433.85,442.43,462.5,414.81,421.55,424.05,475.28,463.04,.,.
ECU,218,Ecuador,"4;Electricity, gas and water",4,.,.,.,.,.,.,.,.,.,.,23.92,22.7,16.83,18.99,12.33,18.2,11.23,10.23,15.48,.,.
ECU,218,Ecuador,5;Construction,5,.,.,.,.,.,.,.,.,152.69,148.92,168.85,173.44,182.06,160.35,171.66,177.74,171.33,185.13,185.87,.,.
ECU,218,Ecuador,6;Wholesale and retail trade and restaurants and hotels,6,.,.,.,.,.,.,.,.,531.19,577.53,630.88,722.23,821.24,786.34,814.62,917.67,873.99,870.9,952.49,.,.
ECU,218,Ecuador,"7;Transport, storage and communication",7,.,.,.,.,.,.,.,.,136.41,143.44,132.28,145.24,147.05,156.09,156.49,159.68,167.38,175.58,198.94,.,.
ECU,218,Ecuador,"8;Financing, insurance, real estate and business services",8,.,.,.,.,.,.,.,.,95.71,111.42,107.56,114.78,126.01,119.43,111.96,130.64,133.1,138.55,163.81,.,.
ECU,218,Ecuador,"9;Community, social and personal services",9,.,.,.,.,.,.,.,.,655.07,678.44,673.93,745.54,766.33,734.04,810.83,869.91,898.99,983.14,927.81,.,.
ECU,218,Ecuador,11;not adequately defined,11,.,.,.,.,.,.,.,.,.,.,0.51,1.84,0.92,0.64,.,1.48,0.81,2.79,2.39,.,.
EGY,818,Egypt,0;Total,0,9799.1,9945.7,10114.6,11526,11818.6,.,.,.,.,14925.7,14361.4,13826.8,14398.8,14703.4,15241.4,15344.2,.,.,.,.,.
EGY,818,Egypt,"1;Agriculture, hunting, forestry and fishing",1,4151.9,4006.3,3950,4722,4797.3,.,.,.,.,6335.2,5598.7,4332.2,5535,5188.4,5360.5,5215.6,.,.,.,.,.
EGY,818,Egypt,2;Mining and quarrying,2,19.9,20.6,21.4,32.8,32.1,.,.,.,.,43.3,44,38.2,44.9,45.5,47.3,40.7,.,.,.,.,.
EGY,818,Egypt,3;Manufacturing,3,1439,1577.4,1550.1,1697,1642.7,.,.,.,.,1958.7,1867.8,2127,2014.6,2045.2,2055.1,2183.5,.,.,.,.,.
EGY,818,Egypt,"4;Electricity, gas and water",4,83.2,69.4,75.8,100.1,91.5,.,.,.,.,99.9,103,134.3,147.3,147.6,154.1,166.8,.,.,.,.,.
EGY,818,Egypt,5;Construction,5,425.6,515.2,563.9,619.1,610,.,.,.,.,990.2,954.6,1134.7,884.2,949.5,1019.4,967.6,.,.,.,.,.
EGY,818,Egypt,6;Wholesale and retail trade and restaurants and hotels,6,884.3,848.1,919.4,1019.1,1009.3,.,.,.,.,1340,1380.8,1477.7,1332.1,1437,1561.1,1587.7,.,.,.,.,.
EGY,818,Egypt,"7;Transport, storage and communication",7,503.3,552.3,570.8,570.7,556.3,.,.,.,.,780.2,912.7,1084.7,777.7,806.5,843.3,907.6,.,.,.,.,.
EGY,818,Egypt,"8;Financing, insurance, real estate and business services",8,126.8,131.1,150.1,149.2,162.9,.,.,.,.,255.3,279.8,422.1,237.1,276.4,295.3,282.7,.,.,.,.,.
EGY,818,Egypt,"9;Community, social and personal services",9,1981.8,2046.1,2158.9,2428.2,2550.7,.,.,.,.,3115.5,3182.9,3073.6,3420.2,3805.4,3903.1,3990.8,.,.,.,.,.
EGY,818,Egypt,11;not adequately defined,11,183.3,179.2,154.2,187.8,365.8,.,.,.,.,7.4,37.1,2.3,5.7,1.9,2.1,1.2,.,.,.,.,.
SLV,222,El Salvador,0;Total,0,1387,.,.,.,.,1373.2,299.25,.,716.5,790.1,884.9,890.3,1781.58,.,1951,1973.01,2056.4,2076,2227.5,.,.
SLV,222,El Salvador,"1;Agriculture, hunting, forestry and fishing",1,519.65,.,.,.,.,468.5,4.67,.,57.8,80.8,65.9,92.5,638.29,.,546,532.54,578.5,547.1,558,.,.
SLV,222,El Salvador,2;Mining and quarrying,2,3.45,.,.,.,.,0.83,0.11,.,0.34,0.08,0.6,0.86,2.63,.,1.6,1.04,1.7,1.7,1.9,.,.
SLV,222,El Salvador,3;Manufacturing,3,223.33,.,.,.,.,233.9,74.55,.,155.4,164.1,197.1,202.2,308.76,.,382.7,380.7,370.6,334.1,415.6,.,.
SLV,222,El Salvador,"4;Electricity, gas and water",4,8.05,.,.,.,.,7.3,2.5,.,5.2,5,5.5,7.1,11.52,.,8,7.43,8.1,15.2,8.7,.,.
SLV,222,El Salvador,5;Construction,5,56.5,.,.,.,.,52.4,15.84,.,44.2,43.9,54.4,45.1,80.99,.,112.2,129.87,131.9,138.7,121.2,.,.
SLV,222,El Salvador,6;Wholesale and retail trade and restaurants and hotels,6,259.7,.,.,.,.,240.8,74.21,.,175.2,198.4,243.2,229.4,309.66,.,383.9,399.3,398.9,445.1,555.9,.,.
SLV,222,El Salvador,"7;Transport, storage and communication",7,57.2,.,.,.,.,49.4,16.64,.,39.1,40.9,47.2,47.7,61.01,.,77.4,81.74,91.3,96.7,90,.,.
SLV,222,El Salvador,"8;Financing, insurance, real estate and business services",8,15.97,.,.,.,.,31.2,17.32,.,21.7,22.5,23.5,25.8,20.02,.,26.4,26.17,27.1,30.3,82.6,.,.
SLV,222,El Salvador,"9;Community, social and personal services",9,243.11,.,.,.,.,288.9,93.36,.,217.6,234.5,247.4,239.7,348.63,.,412.7,414.18,448.3,467.1,393.6,.,.
FIN,246,Finland,0;Total,0,2359,2385,2407,2419,2442,2466,2458,2452,2458,2494,2488,2366,2199,2064,2046,2092,.,.,.,.,.
FIN,246,Finland,"1;Agriculture, hunting, forestry and fishing",1,314,305,312,302,294,280,266,251,238,218,207,198,187,173,167,158,.,.,.,.,.
FIN,246,Finland,2;Mining and quarrying,2,.,.,.,10,11,10,9,7,6,6,4,4,4,4,5,4,.,.,.,.,.
FIN,246,Finland,3;Manufacturing,3,627,636,618,571,563,557,550,534,519,528,524,471,424,396,398,426,.,.,.,.,.
FIN,246,Finland,"4;Electricity, gas and water",4,.,.,.,25,27,32,30,28,28,28,28,28,26,23,23,24,.,.,.,.,.
FIN,246,Finland,5;Construction,5,176,185,183,183,183,178,185,184,188,201,205,179,149,125,113,120,.,.,.,.,.
FIN,246,Finland,6;Wholesale and retail trade and restaurants and hotels,6,328,326,326,338,342,355,355,348,354,385,392,359,321,301,294,298,.,.,.,.,.
FIN,246,Finland,"7;Transport, storage and communication",7,184,184,180,177,180,186,183,182,182,178,178,174,164,158,161,158,.,.,.,.,.
FIN,246,Finland,"8;Financing, insurance, real estate and business services",8,127,130,136,135,147,156,160,177,190,199,203,199,191,179,175,175,.,.,.,.,.
FIN,246,Finland,"9;Community, social and personal services",9,593,613,646,675,693,711,718,739,751,749,744,751,730,699,703,721,.,.,.,.,.
FIN,246,Finland,11;not adequately defined,11,10,7,6,3,4,3,2,2,2,2,3,3,3,6,7,8,.,.,.,.,.
GER,276,Germany,0;Total,0,.,.,.,.,.,.,.,.,.,.,.,37445,36940,36381,36076,.,.,.,.,.,.
GER,276,Germany,"1;Agriculture, hunting, forestry and fishing",1,.,.,.,.,.,.,.,.,.,.,.,1575,1379,1255,1190,.,.,.,.,.,.
GER,276,Germany,2;Mining and quarrying,2,.,.,.,.,.,.,.,.,.,.,.,396,352,307,265,.,.,.,.,.,.
GER,276,Germany,3;Manufacturing,3,.,.,.,.,.,.,.,.,.,.,.,11634,10818,10230,9643,.,.,.,.,.,.
GER,276,Germany,"4;Electricity, gas and water",4,.,.,.,.,.,.,.,.,.,.,.,406,400,393,374,.,.,.,.,.,.
GER,276,Germany,5;Construction,5,.,.,.,.,.,.,.,.,.,.,.,2637,2830,2947,3107,.,.,.,.,.,.
GER,276,Germany,6;Wholesale and retail trade and restaurants and hotels,6,.,.,.,.,.,.,.,.,.,.,.,5307,5355,5306,5383,.,.,.,.,.,.
GER,276,Germany,"7;Transport, storage and communication",7,.,.,.,.,.,.,.,.,.,.,.,2307,2257,2219,2169,.,.,.,.,.,.
GER,276,Germany,"8;Financing, insurance, real estate and business services",8,.,.,.,.,.,.,.,.,.,.,.,2796,2940,3069,3160,.,.,.,.,.,.
GER,276,Germany,"9;Community, social and personal services",9,.,.,.,.,.,.,.,.,.,.,.,10390,10610,10654,10784,.,.,.,.,.,.
GRC,300,Greece,0;Total,0,.,3531,3501.8,3540.2,3553,3588.7,3600.8,3597.4,3657.2,3670.9,3719.1,3632.4,3684.5,.,.,.,.,.,.,.,.
GRC,300,Greece,"1;Agriculture, hunting, forestry and fishing",1,.,1083.5,1010.9,1060.4,1043.6,1036.9,1026,970.7,972,929.9,889.2,806.5,806.7,.,.,.,.,.,.,.,.
GRC,300,Greece,2;Mining and quarrying,2,.,19.2,17.5,28.6,25.6,28.9,24,24.3,22.5,21.4,22.6,19.3,18.3,.,.,.,.,.,.,.,.
GRC,300,Greece,3;Manufacturing,3,.,680.8,674.3,679.4,679.1,678.7,717.6,715.6,706.5,714.9,719.9,699,698.8,.,.,.,.,.,.,.,.
GRC,300,Greece,"4;Electricity, gas and water",4,.,30.3,35,28.9,29.9,31.6,35.5,34.9,34.9,36,36.6,36.6,36.6,.,.,.,.,.,.,.,.
GRC,300,Greece,5;Construction,5,.,292.6,294.9,275.8,254.3,242.6,235.2,232.1,231.7,238.9,252.4,245.7,246.3,.,.,.,.,.,.,.,.
GRC,300,Greece,6;Wholesale and retail trade and restaurants and hotels,6,.,528.6,524.6,535.6,548.2,571,562.1,592.2,600.8,624.2,653.9,660.4,687.3,.,.,.,.,.,.,.,.
GRC,300,Greece,"7;Transport, storage and communication",7,.,273.8,274.9,250.5,261.2,249.5,237.5,243.9,241.9,240.9,249.4,252.4,250.2,.,.,.,.,.,.,.,.
GRC,300,Greece,"8;Financing, insurance, real estate and business services",8,.,116.7,129.4,123.5,128,132.6,139,145.6,160.4,169.2,184.1,192.7,200.6,.,.,.,.,.,.,.,.
GRC,300,Greece,"9;Community, social and personal services",9,.,503.8,538.2,556.1,582.1,615.9,623.2,636.9,685.7,694.8,709.5,719.8,739.7,.,.,.,.,.,.,.,.
GRC,300,Greece,11;not adequately defined,11,.,1.7,2.1,1.4,1,1,0.7,1.2,0.8,0.7,1.5,.,0.1,.,.,.,.,.,.,.,.
IDN,360,Indonesia,0;Total,0,51553.1,.,57802.8,.,.,62457.1,68338.2,70402.44,72518.1,73424.9,75850.6,76423.2,78104.1,79201,80110,82038,85701.81,87050,87673.6,88816.85,89837.73
IDN,360,Indonesia,"1;Agriculture, hunting, forestry and fishing",1,28834,.,31593.31,.,.,34141.8,37644.47,38722.08,40558,41284.2,42378.3,41205.8,42853.4,40072,35233,37858,37720.25,35849,39414.76,38378.13,40676.71
IDN,360,Indonesia,2;Mining and quarrying,2,387.2,.,390.66,.,.,415.51,.,.,.,448.9,528.2,564.6,594.9,653,643,741,774.21,897,674.59,725.73,.
IDN,360,Indonesia,3;Manufacturing,3,4680.1,.,6021.92,.,.,5795.91,5605.97,5818.45,5996.6,7334.9,7693.3,7946.4,7847.6,8784,10127,10840,10773.03,11215,9933.62,11515.95,11641.75
IDN,360,Indonesia,"4;Electricity, gas and water",4,66.1,.,61.66,.,.,69.71,.,.,.,125.26,134.8,150.7,173.3,172,216,183,164.14,233,147.84,188.32,.
IDN,360,Indonesia,5;Construction,5,1657.1,.,2146.21,.,.,2095.57,.,.,.,1828.6,2059.5,2436.6,2363.4,2811,3768,3558,3796.22,4200,3521.68,3415.14,3497.23
IDN,360,Indonesia,6;Wholesale and retail trade and restaurants and hotels,6,6679,.,8553.91,.,.,9345.21,9756.4,10461.18,10649.2,10890.7,11067.4,11430.6,11100.4,12508,13884,13967,16102.56,17221,16814.23,17529.09,18489
IDN,360,Indonesia,"7;Transport, storage and communication",7,1468.5,.,1796.11,.,.,1958.33,.,.,.,2192.1,2312.5,2493.4,2512.1,2931,3458,3377,3942.79,4138,4153.7,4206.06,4553.85
IDN,360,Indonesia,"8;Financing, insurance, real estate and business services",8,302.3,.,112.85,.,.,250.48,5182.03,4198.08,.,396.5,478.4,516.1,561.8,565,659,624,689.73,657,617.72,633.74,882.6
IDN,360,Indonesia,"9;Community, social and personal services",9,7144.5,.,7125.41,.,.,8317.28,10018.09,11199.77,11402.4,8869.1,9070.3,9530,9973,10567,12122,10755,11728.49,12637,12394.27,12224.65,9574
IDN,360,Indonesia,11;not adequately defined,11,334.2,.,0.71,.,.,67.29,131.2,2.85,3911.9,54.5,128,149,124.2,138,.,135,10.36,3,.,.,522.56
IRL,372,Ireland,0;Total,0,.,.,.,1124,1103.4,1076.3,1080.9,1087.6,1091.2,1089.9,1126,1125.1,.,.,.,.,.,.,.,.,.
IRL,372,Ireland,"1;Agriculture, hunting, forestry and fishing",1,.,.,.,189.4,182.2,167.9,167.5,164,165.7,163.2,167.4,154.2,.,.,.,.,.,.,.,.,.
IRL,372,Ireland,2;Mining and quarrying,2,.,.,.,9.6,9.8,10.1,8.3,7,6.5,7.1,8.1,6.5,.,.,.,.,.,.,.,.,.
IRL,372,Ireland,3;Manufacturing,3,.,.,.,218,208.3,202.5,208.6,204.4,206.6,212.8,219.7,221.2,.,.,.,.,.,.,.,.,.
IRL,372,Ireland,"4;Electricity, gas and water",4,.,.,.,15.1,14.9,15.2,15.3,14,13.8,13.6,12.7,14,.,.,.,.,.,.,.,.,.
IRL,372,Ireland,5;Construction,5,.,.,.,87.5,85,77.9,74.5,73.6,72,72,78.4,79.8,.,.,.,.,.,.,.,.,.
IRL,372,Ireland,6;Wholesale and retail trade and restaurants and hotels,6,.,.,.,186.1,187.3,191.3,188.1,189.4,193,191.5,193.7,199.6,.,.,.,.,.,.,.,.,.
IRL,372,Ireland,"7;Transport, storage and communication",7,.,.,.,69.7,68.7,68.2,65,65.6,63.8,65.7,67.7,65.2,.,.,.,.,.,.,.,.,.
IRL,372,Ireland,"8;Financing, insurance, real estate and business services",8,.,.,.,77.9,77.1,76.8,77.8,80.6,83.7,85.7,96.7,94.5,.,.,.,.,.,.,.,.,.
IRL,372,Ireland,"9;Community, social and personal services",9,.,.,.,266.5,265.6,261.6,269.7,284.3,281.1,275,283.3,285.9,.,.,.,.,.,.,.,.,.
IRL,372,Ireland,11;not adequately defined,11,.,.,.,4.3,4.5,4.9,6.1,4.7,5,3.4,4.3,5.1,.,.,.,.,.,.,.,.,.
ISR,376,Israel,0;Total,0,1254.5,1279.9,1298.3,1339.4,1359,1349.4,1367.9,1403.7,1453.1,1460.8,1491.5,1583.2,1650,1751.2,1871.4,.,.,.,.,.,.
ISR,376,Israel,"1;Agriculture, hunting, forestry and fishing",1,79.2,76.8,73,73.7,72.1,72.1,70,72,66.8,67.6,61.7,55.6,57.8,62,62.3,.,.,.,.,.,.
ISR,376,Israel,2;Mining and quarrying,2,5.8,5.2,4.4,5,5.6,6.1,5.5,4.7,3.6,4.2,4.8,4.6,4.5,4.9,5.7,.,.,.,.,.,.
ISR,376,Israel,3;Manufacturing,3,288.5,292.4,290.6,298.4,306.1,303.2,316.9,323.7,318,309.7,317.4,335.3,344.3,366.4,390.4,.,.,.,.,.,.
ISR,376,Israel,"4;Electricity, gas and water",4,12.8,13.7,13.8,12.7,12.8,11.8,12.4,13.6,14.5,14.4,16.6,16.8,14.4,17.5,20.3,.,.,.,.,.,.
ISR,376,Israel,5;Construction,5,79.2,78.5,79.9,86.2,79.4,72.2,61.8,67.7,73.8,71.6,75.9,96.2,107.6,118.3,118,.,.,.,.,.,.
ISR,376,Israel,6;Wholesale and retail trade and restaurants and hotels,6,145.5,152,156.4,169.9,169.9,167.7,178.1,193.4,206.6,211.3,216.4,224,229.2,250.7,280.8,.,.,.,.,.,.
ISR,376,Israel,"7;Transport, storage and communication",7,86,84.5,88.2,87,89.6,86.3,86.7,91.6,94.8,93,92.5,96.6,104.1,106.1,109,.,.,.,.,.,.
ISR,376,Israel,"8;Financing, insurance, real estate and business services",8,102.5,111.3,116.5,126.5,129.5,131.2,133.8,134.3,146.6,144.6,148.4,160.7,172.3,183.9,206.4,.,.,.,.,.,.
ISR,376,Israel,"9;Community, social and personal services",9,447.7,454.9,466,470,484.5,491.5,493.7,493.4,518.8,536.3,549.1,583,605.2,632,667.3,.,.,.,.,.,.
ISR,376,Israel,11;not adequately defined,11,10.2,10.6,9.3,9.6,9.8,7.2,9,9.3,9.4,8,8.7,10.4,10.6,9.4,11.2,.,.,.,.,.,.
ITA,380,Italy,0;Total,0,20674,20725,20668,20725,20809,20894,21006,20986,21253,21154,21454,21595,21609,.,20002,.,.,.,.,.,.
ITA,380,Italy,"1;Agriculture, hunting, forestry and fishing",1,2899,2732,2522,2526,2426,2296,2241,2169,2058,1946,1895,1823,1749,.,1572,.,.,.,.,.,.
ITA,380,Italy,2;Mining and quarrying,2,220,221,216,210,206,209,220,227,230,224,229,227,238,.,294,.,.,.,.,.,.
ITA,380,Italy,3;Manufacturing,3,5439,5333,5233,5080,4881,4766,4719,4639,4723,4729,4757,4731,4679,.,4542,.,.,.,.,.,.
ITA,380,Italy,5;Construction,4,2041,2093,2078,2063,1956,1921,1882,1849,1835,1800,1859,1957,1934,.,1642,.,.,.,.,.,.
ITA,380,Italy,6;Wholesale and retail trade and restaurants and hotels,5,3798,3915,3989,4100,4293,4365,4407,4465,4527,4474,4537,4660,4616,.,4221,.,.,.,.,.,.
ITA,380,Italy,"7;Transport, storage and communication",6,1134,1151,1131,1114,1069,1091,1120,1148,1164,1155,1146,1149,1151,.,1081,.,.,.,.,.,.
ITA,380,Italy,"8;Financing, insurance, real estate and business services",7,522,559,598,640,658,716,749,793,836,859,895,1003,1080,.,1515,.,.,.,.,.,.
ITA,380,Italy,"9;Community, social and personal services",9,4621,4721,4901,4992,5320,5530,5668,5696,5879,5967,6136,6042,6162,.,5134,.,.,.,.,.,.
JAM,388,Jamaica,"1;Agriculture, hunting, forestry and fishing",1,.,.,.,.,.,.,.,.,.,.,.,.,247.3,220.8,218.1,223.2,217.3,202.7,200.1,192.5,194.5
JAM,388,Jamaica,2;Mining and quarrying,2,.,.,.,.,.,.,.,.,.,.,.,.,5.8,7.8,6.8,7,6.3,5.4,5.2,4.7,4.7
JAM,388,Jamaica,3;Manufacturing,3,.,.,.,.,.,.,.,.,.,.,.,.,101.9,97.8,95.1,104.7,100.4,87.4,84.8,81.3,65.8
JAM,388,Jamaica,"4;Electricity, gas and water",4,.,.,.,.,.,.,.,.,.,.,.,.,4.9,4.5,5,6.8,6.9,5.8,5.7,6.4,5.6
JAM,388,Jamaica,5;Construction,5,.,.,.,.,.,.,.,.,.,.,.,.,59.1,62.1,66.3,76,81.2,79.5,78.4,75.7,82.4
JAM,388,Jamaica,6;Wholesale and retail trade and restaurants and hotels,6,.,.,.,.,.,.,.,.,.,.,.,.,172.1,191.1,195.5,201.4,199,206.2,204.4,200.2,204.8
JAM,388,Jamaica,"7;Transport, storage and communication",7,.,.,.,.,.,.,.,.,.,.,.,.,36.3,40.1,40.1,44.5,48.3,54.3,57.9,56.8,57.6
JAM,388,Jamaica,"8;Financing, insurance, real estate and business services",8,.,.,.,.,.,.,.,.,.,.,.,.,43.6,43.3,47.2,51.6,54.5,66.5,57.9,56,57.6
JAM,388,Jamaica,"9;Community, social and personal services",9,.,.,.,.,.,.,.,.,.,.,.,.,229.1,228.9,236.8,247.1,245,246.5,258.6,261.1,261.4
JAM,388,Jamaica,0;Total,0,.,.,.,.,.,.,.,.,.,.,.,.,905.7,906.3,923.1,963.3,959.8,956.3,954.3,936.8,935.6
JAM,388,Jamaica,11;not adequately defined,11,.,.,.,.,.,.,.,.,.,.,.,.,5.8,9.9,12.4,1.1,0.8,2,1.3,2.1,2.9
JPN,392,Japan,0;Total,0,55360,55810,56380,57330,57660,58070,58530,59110,60110,61280,62490,63690,64360,64500,64530,64570,64860,65570,65140,64620,64460
JPN,392,Japan,"1;Agriculture, hunting, forestry and fishing",1,5770,5570,5480,5310,5120,5090,4950,4890,4740,4630,4510,4270,4110,3830,3730,3670,3560,3500,3430,3350,3260
JPN,392,Japan,2;Mining and quarrying,2,110,100,100,100,80,90,80,80,70,70,60,60,60,60,60,60,60,70,60,60,50
JPN,392,Japan,3;Manufacturing,3,13670,13850,13800,14060,14380,14530,14440,14250,14540,14840,15050,15500,15690,15300,14960,14560,14450,14420,13820,13450,13210
JPN,392,Japan,"4;Electricity, gas and water",4,300,310,340,360,350,330,320,310,310,300,300,330,330,350,390,420,370,360,370,380,340
JPN,392,Japan,5;Construction,5,5480,5440,5410,5410,5270,5300,5340,5330,5600,5780,5880,6040,6190,6400,6550,6630,6700,6850,6620,6570,6530
JPN,392,Japan,6;Wholesale and retail trade and restaurants and hotels,6,12480,12740,12960,13130,13190,13180,13390,13660,13890,14000,14150,14330,14360,14480,14430,14490,14630,14750,14830,14830,14740
JPN,392,Japan,"7;Transport, storage and communication",7,3500,3440,3490,3500,3410,3430,3530,3480,3530,3680,3750,3780,3850,3940,3920,4020,4110,4120,4050,4060,4140
JPN,392,Japan,"8;Financing, insurance, real estate and business services",8,3170,3320,3490,3660,3830,3920,4150,4380,4530,4800,5160,5370,5460,5470,5490,5550,5610,5750,5930,5990,6160
JPN,392,Japan,"9;Community, social and personal services",9,10740,10920,11170,11640,11820,11970,12120,12490,12610,12880,13320,13710,14010,14380,14700,14910,15070,15420,15660,15520,15640
JPN,392,Japan,11;not adequately defined,11,130,120,150,150,210,230,220,240,280,310,300,280,300,270,290,250,290,340,360,410,390
KOR,410,"Korea, Republic of",0;Total,0,13683,14023,14379,14505,14429,14970,15505,16354,16870,17560,18085,18677,18961,19253,19837,.,.,.,.,.,.
KOR,410,"Korea, Republic of","1;Agriculture, hunting, forestry and fishing",1,4654,4801,4612,4315,3914,3733,3662,3580,3484,3438,3237,3057,2991,2828,2699,.,.,.,.,.,.
KOR,410,"Korea, Republic of",2;Mining and quarrying,2,124,124,111,108,143,155,187,186,139,90,79,67,63,52,40,.,.,.,.,.,.
KOR,410,"Korea, Republic of",3;Manufacturing,3,2955,2859,3033,3266,3348,3504,3826,4416,4667,4882,4911,5026,4828,4652,4695,.,.,.,.,.,.
KOR,410,"Korea, Republic of","4;Electricity, gas and water",4,44,32,32,31,37,41,40,44,52,59,70,66,66,65,71,.,.,.,.,.,.
KOR,410,"Korea, Republic of",5;Construction,5,843,876,829,817,905,911,889,920,1024,1143,1346,1556,1658,1685,1777,.,.,.,.,.,.
KOR,410,"Korea, Republic of",6;Wholesale and retail trade and restaurants and hotels,6,2625,2773,3172,3235,3151,3377,3480,3611,3647,3743,3945,4203,4419,4837,5198,.,.,.,.,.,.
KOR,410,"Korea, Republic of","7;Transport, storage and communication",7,619,615,607,626,665,701,733,763,823,866,923,987,1004,1005,1006,.,.,.,.,.,.
KOR,410,"Korea, Republic of","8;Financing, insurance, real estate and business services",8,332,380,382,446,501,563,614,680,748,865,945,1026,1228,1360,1495,.,.,.,.,.,.
KOR,410,"Korea, Republic of","9;Community, social and personal services",9,1489,1564,1603,1660,1766,1984,2074,2154,2285,2475,2638,2789,2704,2769,2857,.,.,.,.,.,.
LUX,442,Luxembourg,0;Total,0,158.2,158.7,158.3,157.8,158.7,160.9,165.1,169.6,174.9,181.9,189.6,196.8,.,.,.,214,219.6,226.3,236.4,248.3,262.3
LUX,442,Luxembourg,"1;Agriculture, hunting, forestry and fishing",1,8.7,8.1,7.8,7.5,7.3,7,6.8,6.6,6.3,6.2,6.2,.,.,.,.,.,.,.,.,.,.
LUX,442,Luxembourg,2;Mining and quarrying,2,0.7,0.6,0.2,0.2,0.2,0.2,0.2,0.2,0.2,0.2,0.2,.,.,.,.,.,.,.,.,.,.
LUX,442,Luxembourg,3;Manufacturing,3,41.8,41,40.4,39.2,38.6,38.8,39,38.3,37,37.2,37.2,.,.,.,.,.,.,.,.,.,.
LUX,442,Luxembourg,"4;Electricity, gas and water",4,1.4,1.4,1.4,1.3,1.3,1.3,1.3,1.3,1.3,1.4,1.4,.,.,.,.,.,.,.,.,.,.
LUX,442,Luxembourg,5;Construction,5,16.3,15.9,15.3,15.1,14.7,13.9,14.2,15.3,16.6,17.7,18.8,.,.,.,.,.,.,.,.,.,.
LUX,442,Luxembourg,6;Wholesale and retail trade and restaurants and hotels,6,33.4,33.5,33.5,33.5,34.2,34.8,35.3,36.1,37.4,38.8,40.2,.,.,.,.,.,.,.,.,.,.
LUX,442,Luxembourg,"7;Transport, storage and communication",7,10.8,10.8,10.8,10.5,10.5,10.7,11,11.4,11.9,12.5,12.9,.,.,.,.,.,.,.,.,.,.
LUX,442,Luxembourg,"8;Financing, insurance, real estate and business services",8,8.1,8.7,9.2,9.7,10.2,10.8,11.9,13.1,14.3,15.4,16.8,.,.,.,.,.,.,.,.,.,.
LUX,442,Luxembourg,"9;Community, social and personal services",9,37.1,38.7,39.7,40.9,41.7,43.4,45.4,47.4,49.9,52.5,55.9,.,.,.,.,.,.,.,.,.,.
MYS,458,Malaysia,0;Total,0,4787.4,5067.1,5249,5457,5566.7,5653.3,5760.1,5983.8,6175.8,6390.9,6685,.,7047.8,7383.4,.,7645,8399.5,8569.2,8599.6,8837.8,9321.7
MYS,458,Malaysia,"1;Agriculture, hunting, forestry and fishing",1,1780.7,1811.4,1635.8,1670.9,1695,1717.4,1764.5,1846.4,1889.1,1832.5,1737.6,.,1535.8,1558.6,.,1526.8,1626.2,1481.2,1616.5,1623.7,1711.8
MYS,458,Malaysia,2;Mining and quarrying,2,46.4,55.5,51.7,55.1,46.5,44.4,40.6,33,29.4,33.1,36.8,.,36.3,37.6,.,32.5,35,38.5,28.4,37.8,27.3
MYS,458,Malaysia,3;Manufacturing,3,768.8,813.5,816,894.1,858.4,850.4,874,928.9,987.3,1171.1,1332.8,.,1639.6,1726.9,.,1780.5,1912.1,2002.5,1907.8,1990.7,2125.8
MYS,458,Malaysia,"4;Electricity, gas and water",4,65.7,67.8,34.9,39.3,32.9,31.5,32.4,35.9,42,40.6,46.7,.,45.9,60.3,.,48,44.1,50.9,50,50.2,48.1
MYS,458,Malaysia,5;Construction,5,273.4,351.8,377.5,425.6,428,419.4,369.4,336.3,339.7,376.9,423.9,.,506.7,538.8,.,611.3,716.5,793,745.9,722.8,798.9
MYS,458,Malaysia,6;Wholesale and retail trade and restaurants and hotels,6,692.3,705.3,860.9,897.3,956.6,994.3,1035.1,1091.7,1119.6,1143.9,1217.8,.,1254.5,1266.2,.,1370.7,1566.7,1577.9,1616,1660.7,1790.1
MYS,458,Malaysia,"7;Transport, storage and communication",7,209.6,233.5,223.1,235.9,242.8,224.3,242,252,266,277.6,301.9,.,326.2,344,.,359.2,400.7,423.3,421.7,420.3,422.7
MYS,458,Malaysia,"8;Financing, insurance, real estate and business services",8,.,.,202.1,197.7,200.5,218.9,234.6,241.6,230.9,253.2,258.4,.,299.8,330.1,.,363.7,412,447.2,425.8,466.2,462
MYS,458,Malaysia,"9;Community, social and personal services",9,949.6,1027.9,1046.7,1040.3,1104.1,1131.8,1166.9,1217.5,1217.1,1261.5,1328.8,.,1403,1520.9,.,1552.2,1686,1754.5,1787.5,1865.4,1935.1
MYS,458,Malaysia,11;not adequately defined,11,0.9,0.4,0.2,0.7,1.9,0.9,0.7,0.5,0.7,0.4,0.2,.,.,.,.,.,.,.,.,.,.
MEX,484,Mexico,0;Total,0,.,.,.,.,.,.,.,.,28128,.,.,30534,.,32833,.,33881,.,.,.,.,.
MEX,484,Mexico,"1;Agriculture, hunting, forestry and fishing",1,.,.,.,.,.,.,.,.,6615.6,.,.,8189.8,.,8842.8,.,8378.3,.,.,.,.,.
MEX,484,Mexico,2;Mining and quarrying,2,.,.,.,.,.,.,.,.,259.9,.,.,217.7,.,170.9,.,147,.,.,.,.,.
MEX,484,Mexico,3;Manufacturing,3,.,.,.,.,.,.,.,.,5547.9,.,.,4806,.,5077.7,.,5168.4,.,.,.,.,.
MEX,484,Mexico,"4;Electricity, gas and water",4,.,.,.,.,.,.,.,.,130.3,.,.,151.2,.,99.1,.,79.6,.,.,.,.,.
MEX,484,Mexico,5;Construction,5,.,.,.,.,.,.,.,.,1527.8,.,.,1871.5,.,1879.2,.,1818.9,.,.,.,.,.
MEX,484,Mexico,6;Wholesale and retail trade and restaurants and hotels,6,.,.,.,.,.,.,.,.,5429.7,.,.,6149.6,.,6892.7,.,7799.3,.,.,.,.,.
MEX,484,Mexico,"7;Transport, storage and communication",7,.,.,.,.,.,.,.,.,1061.7,.,.,1141.5,.,1362.3,.,1461.4,.,.,.,.,.
MEX,484,Mexico,"8;Financing, insurance, real estate and business services",8,.,.,.,.,.,.,.,.,395.2,.,.,945.2,.,1080,.,1103.9,.,.,.,.,.
MEX,484,Mexico,"9;Community, social and personal services",9,.,.,.,.,.,.,.,.,6882.1,.,.,6876.2,.,7205.3,.,7765.2,.,.,.,.,.
MEX,484,Mexico,11;not adequately defined,11,.,.,.,.,.,.,.,.,277.7,.,.,185.4,.,222.6,.,159.1,.,.,.,.,.
MAR,504,Morocco,0;Total,0,.,.,.,.,.,.,.,.,.,.,3293.96,3399.91,3494.27,3659.31,.,3870.35,4033.35,4223.79,4168.37,4174.45,4198.8
MAR,504,Morocco,"1;Agriculture, hunting, forestry and fishing",1,.,.,.,.,.,.,.,.,.,.,127.8,132.45,125.1,118.32,.,245.4,288.45,216.77,205.78,238.41,213.4
MAR,504,Morocco,2;Mining and quarrying,2,.,.,.,.,.,.,.,.,.,.,43.6,40.98,45.42,46.49,.,61.53,51.96,36.42,43.71,40.83,38.7
MAR,504,Morocco,3;Manufacturing,3,.,.,.,.,.,.,.,.,.,.,893.51,890.15,889.25,919.57,.,970.51,1006.42,1043.06,989.3,950.73,896.7
MAR,504,Morocco,"4;Electricity, gas and water",4,.,.,.,.,.,.,.,.,.,.,29.08,31.26,33,34.47,.,19.76,37.38,38.12,39.38,35.48,32.6
MAR,504,Morocco,5;Construction,5,.,.,.,.,.,.,.,.,.,.,233.59,264.02,281.89,266.14,.,247.19,334.67,376.99,343.6,366.88,373.5
MAR,504,Morocco,6;Wholesale and retail trade and restaurants and hotels,6,.,.,.,.,.,.,.,.,.,.,693.24,712.48,761.45,805.34,.,741.32,791.83,886.08,948.47,914.88,1027.6
MAR,504,Morocco,"7;Transport, storage and communication",7,.,.,.,.,.,.,.,.,.,.,172.33,180.92,200.06,219.98,.,162.11,173.59,197.09,199.86,216.85,226.4
MAR,504,Morocco,"8;Financing, insurance, real estate and business services",8,.,.,.,.,.,.,.,.,.,.,66.74,75.61,76.08,84.66,.,93.97,90.08,95.82,85.97,100.15,102
MAR,504,Morocco,"9;Community, social and personal services",9,.,.,.,.,.,.,.,.,.,.,1026.82,1065.78,1072.77,1153.73,.,1281.63,1219.81,1304.13,1280.82,1298.52,1281.1
MAR,504,Morocco,11;not adequately defined,11,.,.,.,.,.,.,.,.,.,.,7.2,6.21,9.23,10.55,.,19.88,39.64,29.28,31.5,11.7,6.8
MMR,104,Myanmar,0;Total,0,13208,13515,13790,14185,14497,14792,15130,15505,15813,16036,15221,.,15737,16469,16817,.,.,17964,18359,.,.
MMR,104,Myanmar,"1;Agriculture, hunting, forestry and fishing",1,8864,9034,9205,9400,9590,9772,9965,10127,10289,10452,10614,.,10867,11347,11551,.,.,11381,11507,.,.
MMR,104,Myanmar,2;Mining and quarrying,2,68,69,71,83,85,85,87,90,91,87,78,.,79,83,87,.,.,132,121,.,.
MMR,104,Myanmar,3;Manufacturing,3,1009,1058,1104,1150,1198,1234,1285,1348,1369,1384,1137,.,1132,1195,1250,.,.,1573,1666,.,.
MMR,104,Myanmar,"4;Electricity, gas and water",4,16,16,16,16,16,16,19,20,20,17,17,.,17,17,17,.,.,21,48,.,.
MMR,104,Myanmar,5;Construction,5,195,201,208,219,225,240,246,258,269,270,174,.,188,288,292,.,.,378,400,.,.
MMR,104,Myanmar,6;Wholesale and retail trade and restaurants and hotels,6,1262,1286,1310,1386,1413,1444,1472,1507,1556,1622,1409,.,1396,1407,1450,.,.,1746,1781,.,.
MMR,104,Myanmar,"7;Transport, storage and communication",7,443,449,458,470,480,488,500,513,518,529,385,.,388,412,420,.,.,470,495,.,.
MMR,104,Myanmar,"8;Financing, insurance, real estate and business services",8,772,812,818,852,872,885,919,994,1049,1007,455,.,465,482,486,.,.,577,597,.,.
MMR,104,Myanmar,"9;Community, social and personal services",9,579,590,600,609,618,628,637,648,658,668,956,.,1205,1238,1264,.,.,1686,1744,.,.
NLD,528,Netherlands,0;Total,0,.,5107.9,.,5007,.,5144.5,.,5864,6032,6155,6356,6521,6597,6648,6692,.,.,.,.,.,.
NLD,528,Netherlands,"1;Agriculture, hunting, forestry and fishing",1,.,271.3,.,271,.,268.1,.,281,284,286,289,293,258,255,264,.,.,.,.,.,.
NLD,528,Netherlands,2;Mining and quarrying,2,.,8.9,.,8,.,11.3,.,13,13,12,11,14,9,12,10,.,.,.,.,.,.
NLD,528,Netherlands,3;Manufacturing,3,.,1042.5,.,987,.,993.4,.,1107,1109,1152,1185,1169,1148,1127,1075,.,.,.,.,.,.
NLD,528,Netherlands,"4;Electricity, gas and water",4,.,47.2,.,46,.,44.2,.,51,47,46,41,44,45,41,47,.,.,.,.,.,.
NLD,528,Netherlands,5;Construction,5,.,471.9,.,381,.,385.7,.,378,397,397,409,418,385,394,393,.,.,.,.,.,.
NLD,528,Netherlands,6;Wholesale and retail trade and restaurants and hotels,6,.,910.7,.,885,.,906.5,.,976,1015,1038,1104,1138,1146,1176,1227,.,.,.,.,.,.
NLD,528,Netherlands,"7;Transport, storage and communication",7,.,322.8,.,318,.,322.6,.,353,362,380,382,403,411,408,419,.,.,.,.,.,.
NLD,528,Netherlands,"8;Financing, insurance, real estate and business services",8,.,410.4,.,421,.,457.3,.,542,593,608,646,682,678,700,704,.,.,.,.,.,.
NLD,528,Netherlands,"9;Community, social and personal services",9,.,1583.3,.,1665,.,1716.1,.,2087,2190,2207,2229,2313,2283,2344,2371,.,.,.,.,.,.
NLD,528,Netherlands,11;not adequately defined,11,.,39,.,25,.,39.4,.,77,21,30,58,47,234,190,183,.,.,.,.,.,.
ANT,530,Netherlands Antilles,0;Total,0,.,.,.,.,.,.,.,.,.,44.23,47.51,50.26,50.99,52.43,54.68,54.05,56.96,56.24,54.18,.,.
ANT,530,Netherlands Antilles,"1;Agriculture, hunting, forestry and fishing",1,.,.,.,.,.,.,.,.,.,0.36,0.34,0.3,0.29,0.36,0.35,0.41,0.43,0.44,.,.,.
ANT,530,Netherlands Antilles,2;Mining and quarrying,2,.,.,.,.,.,.,.,.,.,.,.,0.08,0.07,0.08,0.08,0.08,0.08,0.11,.,.,.
ANT,530,Netherlands Antilles,3;Manufacturing,3,.,.,.,.,.,.,.,.,.,4.32,4.72,5.56,5.86,6.04,5.86,5.78,6.13,5.7,.,.,.
ANT,530,Netherlands Antilles,"4;Electricity, gas and water",4,.,.,.,.,.,.,.,.,.,0.9,0.88,0.88,0.89,0.92,0.92,0.92,0.93,0.91,.,.,.
ANT,530,Netherlands Antilles,5;Construction,5,.,.,.,.,.,.,.,.,.,4.26,4.8,4.98,4.49,4.45,4.71,4.79,5.07,4.89,.,.,.
ANT,530,Netherlands Antilles,6;Wholesale and retail trade and restaurants and hotels,6,.,.,.,.,.,.,.,.,.,10.47,11.5,12.06,12.75,13.14,14.06,13.97,14.78,14.58,.,.,.
ANT,530,Netherlands Antilles,"7;Transport, storage and communication",7,.,.,.,.,.,.,.,.,.,3.41,3.12,3.49,3.51,3.66,3.92,3.92,4.33,3.94,.,.,.
ANT,530,Netherlands Antilles,"8;Financing, insurance, real estate and business services",8,.,.,.,.,.,.,.,.,.,4.25,5.16,5.54,6.14,6.58,6.9,6.6,6.87,7.25,.,.,.
ANT,530,Netherlands Antilles,"9;Community, social and personal services",9,.,.,.,.,.,.,.,.,.,16.24,16.96,17.35,16.96,17.17,17.83,17.54,18.29,18.39,.,.,.
NZL,554,New Zealand,0;Total,0,.,.,.,.,.,.,1544.1,1556.8,1508.2,1468.4,1481.4,1460.8,1466.6,1495.8,1559.5,1632.6,1687.5,1735.9,1725,.,.
NZL,554,New Zealand,"1;Agriculture, hunting, forestry and fishing",1,.,.,.,.,.,.,164.2,160.9,156,150.9,156.9,157.2,159.1,157.7,161.7,158.2,159.5,150.4,147,.,.
NZL,554,New Zealand,2;Mining and quarrying,2,.,.,.,.,.,.,6.1,4.8,4.4,5,5.5,3.6,3.5,4,4.5,5,5.3,4.9,4.2,.,.
NZL,554,New Zealand,3;Manufacturing,3,.,.,.,.,.,.,318,301.9,275.1,258.8,252.6,249.5,240.2,255,282.9,292.1,286.8,283,289.7,.,.
NZL,554,New Zealand,"4;Electricity, gas and water",4,.,.,.,.,.,.,16.6,16.8,15.8,12,13.8,13.4,11.1,10.9,10.2,12.5,13.7,10.7,10.1,.,.
NZL,554,New Zealand,5;Construction,5,.,.,.,.,.,.,103,101.8,97.6,96.7,92,76.3,79.6,80.9,92.4,99.7,110.4,115.1,111.1,.,.
NZL,554,New Zealand,6;Wholesale and retail trade and restaurants and hotels,6,.,.,.,.,.,.,295.8,309.9,299.7,290.1,312,301.3,308.3,316,327.3,349,359.9,375.5,370.1,.,.
NZL,554,New Zealand,"7;Transport, storage and communication",7,.,.,.,.,.,.,109.4,110.9,107.7,98.8,93.4,94.8,89,90.6,91.6,99,98.8,103.2,103.2,.,.
NZL,554,New Zealand,"8;Financing, insurance, real estate and business services",8,.,.,.,.,.,.,133.5,141.2,149,143.6,145.6,152.2,157.7,149,159,174.3,188.7,216.2,214.4,.,.
NZL,554,New Zealand,"9;Community, social and personal services",9,.,.,.,.,.,.,389.8,402.5,399.1,408.3,404,408.3,416,429.3,428,441.3,458.3,472.1,470.4,.,.
NZL,554,New Zealand,11;not adequately defined,11,.,.,.,.,.,.,7.6,6,3.6,4.2,5.6,4.3,2.1,2.5,2,1.5,6.1,4.7,4.7,.,.
NIC,558,Nicaragua,0;Total,0,.,.,.,.,.,.,.,.,.,.,1122.4,1117,1123.7,1121.7,1176.6,1228.2,1291.8,1369.9,1441.8,1544.2,1637.1
NIC,558,Nicaragua,"1;Agriculture, hunting, forestry and fishing",1,.,.,.,.,.,.,.,.,.,.,441.5,425,436.7,437.6,472,497.2,529.8,574.5,609.2,655.3,711.8
NIC,558,Nicaragua,2;Mining and quarrying,2,.,.,.,.,.,.,.,.,.,.,3.1,3.1,3.6,3.7,3.3,4.2,5.5,6.7,9.7,11.7,9.4
NIC,558,Nicaragua,3;Manufacturing,3,.,.,.,.,.,.,.,.,.,.,103.5,110.2,103.6,105.7,109.1,110.2,113.6,117.2,122,125.3,127.8
NIC,558,Nicaragua,"4;Electricity, gas and water",4,.,.,.,.,.,.,.,.,.,.,5.3,5.3,5.5,5.6,5.8,6.1,6,5.9,5.8,5.8,5.9
NIC,558,Nicaragua,5;Construction,5,.,.,.,.,.,.,.,.,.,.,33,30.3,32.7,33.3,39.3,46.2,53.8,58.7,63.2,88.1,97.3
NIC,558,Nicaragua,6;Wholesale and retail trade and restaurants and hotels,6,.,.,.,.,.,.,.,.,.,.,183.7,199,201.6,206,208,210.1,220.3,233.8,245.5,259.2,268.3
NIC,558,Nicaragua,"7;Transport, storage and communication",7,.,.,.,.,.,.,.,.,.,.,40.2,40.1,40.7,39.2,38.8,40.9,42.7,45,46.8,49.7,51.2
NIC,558,Nicaragua,"8;Financing, insurance, real estate and business services",8,.,.,.,.,.,.,.,.,.,.,15.8,14.2,11.5,10.6,10.7,10.6,13.3,15.6,17.4,20.1,21.8
NIC,558,Nicaragua,"9;Community, social and personal services",9,.,.,.,.,.,.,.,.,.,.,189.3,194,195.7,195.7,208.2,223.2,232.9,241,251,261.5,278.8
NIC,558,Nicaragua,11;not adequately defined,11,.,.,.,.,.,.,.,.,.,.,107,95.8,92.1,84.3,81.4,79.5,73.9,71.5,71.2,67.5,65
NOR,578,Norway,0;Total,0,1908,1935,1943,1945,1970,2014,2086,2126,2114,2049,2030,2010,2004,2004,2035,2079,.,.,.,.,.
NOR,578,Norway,"1;Agriculture, hunting, forestry and fishing",1,159,159,154,148,143,147,151,139,134,132,129,116,110,111,107,106,.,.,.,.,.
NOR,578,Norway,2;Mining and quarrying,2,12,13,16,18,21,22,22,24,24,23,22,21,25,25,24,23,.,.,.,.,.
NOR,578,Norway,3;Manufacturing,3,384,378,365,338,345,348,358,352,337,318,310,294,295,292,303,308,.,.,.,.,.
NOR,578,Norway,"4;Electricity, gas and water",4,19,21,18,20,21,19,21,23,21,22,23,21,20,22,22,22,.,.,.,.,.
NOR,578,Norway,5;Construction,5,142,146,147,147,148,151,155,166,166,147,139,130,122,116,119,126,.,.,.,.,.
NOR,578,Norway,6;Wholesale and retail trade and restaurants and hotels,6,320,330,331,336,330,346,364,375,376,369,358,354,353,349,348,357,.,.,.,.,.
NOR,578,Norway,"7;Transport, storage and communication",7,174,175,183,172,176,175,179,178,176,167,162,162,157,158,165,170,.,.,.,.,.
NOR,578,Norway,"8;Financing, insurance, real estate and business services",8,101,100,103,114,117,128,142,155,166,154,150,153,153,153,160,160,.,.,.,.,.
NOR,578,Norway,"9;Community, social and personal services",9,593,608,624,648,665,673,689,709,709,710,734,753,764,775,784,803,.,.,.,.,.
NOR,578,Norway,11;not adequately defined,11,3,5,2,3,3,4,3,5,5,7,5,4,4,4,4,5,.,.,.,.,.
PAK,586,Pakistan,0;Total,0,24341,25085,25861,25856,26658,26961,27033,28703,28995,29053,29797,28681,29694,30534,31288,31407,32491,34597,36419,37296,36847
PAK,586,Pakistan,"1;Agriculture, hunting, forestry and fishing",1,12816,13207,13616,13634,14057,13631,14601,14133,14831,14860,15241,13608,14332,14517,15653,14696,15203,15276,17209,17623,17841
PAK,586,Pakistan,2;Mining and quarrying,2,34,35,36,26,27,46,70,66,43,44,44,43,75,30,29,38,39,35,70,72,25
PAK,586,Pakistan,3;Manufacturing,3,3534,3642,3755,3475,3583,3686,3552,4018,3682,3690,3784,3508,3646,3329,3137,3259,3372,3839,3627,3714,4230
PAK,586,Pakistan,"4;Electricity, gas and water",4,180,186,191,292,301,186,140,210,171,171,176,238,234,258,272,257,267,338,254,260,259
PAK,586,Pakistan,5;Construction,5,1197,1234,1272,1241,1280,1510,1417,1725,1850,1853,1900,1899,1880,2117,2035,2263,2341,2335,2281,2336,2130
PAK,586,Pakistan,6;Wholesale and retail trade and restaurants and hotels,6,2697,2779,2866,3087,3183,3111,3082,3459,3456,3463,3552,3796,3890,4068,3999,4555,4712,5057,5051,5173,4976
PAK,586,Pakistan,"7;Transport, storage and communication",7,1151,1187,1223,1187,1224,1402,1195,1507,1418,1422,1458,1506,1636,1685,1548,1592,1647,1974,1997,2045,1853
PAK,586,Pakistan,"8;Financing, insurance, real estate and business services",8,209,216,223,212,219,237,254,221,206,206,212,259,225,249,243,242,250,340,316,324,301
PAK,586,Pakistan,"9;Community, social and personal services",9,2458,2534,2612,2635,2716,2985,2706,3295,3303,3309,3394,3807,3755,4224,4355,4483,4638,5389,5597,5732,5231
PAK,586,Pakistan,11;not adequately defined,11,65,65,67,67,68,167,16,69,35,35,36,17,21,57,17,22,22,14,17,17,1
PAN,591,Panama,0;Total,0,.,.,561.1,597.3,613.9,627,643.8,678.3,654.4,686.3,.,720.1,795.1,.,.,.,.,.,.,.,.
PAN,591,Panama,"1;Agriculture, hunting, forestry and fishing",1,.,.,157.5,171.4,175,184.7,184.5,180.2,199,203.2,.,191.9,209.2,.,.,.,.,.,.,.,.
PAN,591,Panama,2;Mining and quarrying,2,.,.,0.3,0.7,0.8,0.4,0.4,0.5,0.3,0.3,.,0.7,2.1,.,.,.,.,.,.,.,.
PAN,591,Panama,3;Manufacturing,3,.,.,54.3,61.4,59.9,66.6,64.2,72.5,61.9,67.5,.,69.4,75.2,.,.,.,.,.,.,.,.
PAN,591,Panama,"4;Electricity, gas and water",4,.,.,7.6,7.8,8.4,9.1,8.7,8.5,8.7,9.4,.,8.8,9.8,.,.,.,.,.,.,.,.
PAN,591,Panama,5;Construction,5,.,.,38.5,34.8,31.5,33.3,34.6,35.4,21.9,21.6,.,25.9,43,.,.,.,.,.,.,.,.
PAN,591,Panama,6;Wholesale and retail trade and restaurants and hotels,6,.,.,73.9,86.3,90,87.1,93.5,107.3,97.2,99.1,.,143,157.3,.,.,.,.,.,.,.,.
PAN,591,Panama,"7;Transport, storage and communication",7,.,.,34.5,37.2,35.8,37.4,37.6,38.2,36.8,38.6,.,49.7,47.3,.,.,.,.,.,.,.,.
PAN,591,Panama,"8;Financing, insurance, real estate and business services",8,.,.,24.4,26.8,23,24.4,26.9,27.8,23.2,25.3,.,30,35.6,.,.,.,.,.,.,.,.
PAN,591,Panama,"9;Community, social and personal services",9,.,.,154.4,158.6,174.9,169,179.2,190.5,186.3,199.7,.,200.2,214.3,.,.,.,.,.,.,.,.
PAN,591,Panama,11;not adequately defined,11,.,.,15.7,12.3,14.6,15,14.2,17.4,19.1,21.6,.,0.5,0.5,.,.,.,.,.,.,.,.
PRY,600,Paraguay,0;Total,0,.,.,261.07,334.22,360.55,406.97,411.76,425.76,447.45,489.95,486.1,495.36,522.14,569.65,1049.59,1190.38,1190.38,.,.,.,.
PRY,600,Paraguay,"1;Agriculture, hunting, forestry and fishing",1,.,.,2.73,12.96,11.72,11.16,12.45,11.98,11.54,9.48,10.35,5.82,9.73,9.18,40.4,.,62.12,.,.,.,.
PRY,600,Paraguay,2;Mining and quarrying,2,.,.,0.37,0.14,0.16,0.74,1.19,0.98,1.09,0.47,0.94,1.07,.,0.15,1.81,.,0.12,.,.,.,.
PRY,600,Paraguay,3;Manufacturing,3,.,.,38.53,55.59,64.64,79.14,78.24,76.06,77.94,91.63,87.19,78.1,100.16,100.67,179.76,.,170.52,.,.,.,.
PRY,600,Paraguay,"4;Electricity, gas and water",4,.,.,4.1,3.04,2.52,3.54,2.06,1.83,2.24,4.72,6.27,5.68,5.28,4.07,11.79,.,8.27,.,.,.,.
PRY,600,Paraguay,5;Construction,5,.,.,25.92,31.27,30.56,33.18,27.64,30.57,32.34,38.16,39.81,45.35,35.18,41.81,89.22,.,82.46,.,.,.,.
PRY,600,Paraguay,6;Wholesale and retail trade and restaurants and hotels,6,.,.,61.19,80.97,93.99,92.74,95.82,98.42,117.08,124.29,116.15,132.17,115.92,152.77,310.06,.,398.54,.,.,.,.
PRY,600,Paraguay,"7;Transport, storage and communication",7,.,.,14.88,19.33,19.76,22.26,24.54,21.93,24.61,26.09,28.09,28.07,32.71,27.66,54.86,.,61.71,.,.,.,.
PRY,600,Paraguay,"8;Financing, insurance, real estate and business services",8,.,.,15.48,20.94,20.08,23.83,25.56,23.81,24.22,32.03,26.81,33.52,35.15,44.34,47.23,.,56.88,.,.,.,.
PRY,600,Paraguay,"9;Community, social and personal services",9,.,.,97.31,109.11,117.09,140.35,144.24,160.15,156.37,163.05,170.45,165.55,187.98,188.66,314.41,.,349.48,.,.,.,.
PRY,600,Paraguay,11;not adequately defined,11,.,.,0.51,0.83,.,.,.,.,.,.,.,.,.,0.3,.,.,0.24,.,.,.,.
PRY,600,Paraguay,;Categories 2-9,29,257.89,.,258.33,321.25,348.82,395.8,399.31,413.77,435.91,480.46,475.75,489.54,512.41,560.47,1009.18,.,1128.26,.,.,.,.
PHL,608,Philippines,0;Total,0,17154,17810,18614,19366,19368,20327,20926,20795,21497,21849,22532,22979,23917,24443,25166,25698,27442,27888,28262,27762,27775
PHL,608,Philippines,"1;Agriculture, hunting, forestry and fishing",1,8894,9171,9696,10075,9705,10085,10418,9940,9920,9852,10185,10403,10869,11194,11249,11323,11451,11260,11272,10503,10401
PHL,608,Philippines,2;Mining and quarrying,2,130,91,78,141,133,129,152,146,157,154,133,150,143,130,101,95,115,124,104,88,106
PHL,608,Philippines,3;Manufacturing,3,1850,1780,1888,1822,1847,1926,1906,2059,2238,2298,2188,2391,2546,2455,2582,2571,2756,2755,2687,2796,2792
PHL,608,Philippines,"4;Electricity, gas and water",4,55,63,61,66,71,79,63,81,95,83,91,99,92,106,100,103,123,139,140,141,116
PHL,608,Philippines,5;Construction,5,600,586,615,634,716,678,678,759,858,911,974,1046,1035,1102,1187,1239,1573,1641,1511,1476,1430
PHL,608,Philippines,6;Wholesale and retail trade and restaurants and hotels,6,1799,2012,2110,2220,2438,2650,2855,2857,2972,3074,3145,3172,3283,3415,3563,3745,4062,4219,4328,4466,4587
PHL,608,Philippines,"7;Transport, storage and communication",7,725,725,740,892,881,913,860,946,1049,1095,1137,1143,1221,1359,1402,1489,1657,1769,1885,1968,2024
PHL,608,Philippines,"8;Financing, insurance, real estate and business services",8,308,347,321,314,370,351,355,386,379,398,444,451,452,496,494,551,681,680,695,712,678
PHL,608,Philippines,"9;Community, social and personal services",9,2791,3035,3105,3201,3204,3515,3639,3621,3827,3972,4220,4116,4254,4174,4480,4559,5019,5296,5631,5603,5636
PHL,608,Philippines,11;not adequately defined,11,2,.,.,1,3,1,.,.,2,13,15,9,21,13,8,21,5,5,8,9,4
POL,616,Poland,0;Total,0,.,18005.7,18208.5,18374.7,18383.5,18531.4,18594.5,18596.2,18474.1,18220,17320.7,16285.3,15462.3,.,.,.,.,.,.,.,.
POL,616,Poland,"1;Agriculture, hunting, forestry and fishing",1,.,5389.7,5373.4,5358.9,5178,5169.2,5102.5,5059,4923.9,4601.5,4365.6,4140.2,3860.8,.,.,.,.,.,.,.,.
POL,616,Poland,2;Mining and quarrying,2,.,539,566.3,577.7,582.9,587.3,601.5,612.9,609.8,614.7,607.9,480.8,477.9,.,.,.,.,.,.,.,.
POL,616,Poland,3;Manufacturing,3,.,5089.3,4858.4,4888,4911.7,4895.6,4742.8,4710.8,4684.9,4680.6,4335.9,4026.9,3589.7,.,.,.,.,.,.,.,.
POL,616,Poland,"4;Electricity, gas and water",4,.,154.4,160.3,166.7,174,181,188.8,197.6,200.4,195.1,148.7,147.2,149.6,.,.,.,.,.,.,.,.
POL,616,Poland,5;Construction,5,.,1414.6,1336.1,1323.9,1350.9,1394.3,1433.5,1457.6,1471.4,1432.3,1320.9,1203.8,1131.8,.,.,.,.,.,.,.,.
POL,616,Poland,6;Wholesale and retail trade and restaurants and hotels,6,.,1581.5,1573,1610.2,1617.8,1640.2,1810.1,1816.3,1808.6,1787,1652.9,1750.5,1827.3,.,.,.,.,.,.,.,.
POL,616,Poland,"7;Transport, storage and communication",7,.,1416.8,1380.1,1387.9,1395.6,1394.6,1387.4,1378.5,1367.6,1303.2,1127.2,999.7,1023.5,.,.,.,.,.,.,.,.
POL,616,Poland,"8;Financing, insurance, real estate and business services",8,.,371.5,369.7,373.1,383.4,390.8,372.8,397.8,407,395.4,337.8,341.7,405,.,.,.,.,.,.,.,.
POL,616,Poland,"9;Community, social and personal services",9,.,2434.3,2483.5,2573.5,2623.2,2698.1,2859.1,2860.9,2917.2,3066.6,3084.3,3099.3,2895.8,.,.,.,.,.,.,.,.
POL,616,Poland,11;not adequately defined,11,.,114.4,107.7,134.8,166,180.3,96,104.8,83.3,143.6,339.5,95.2,100.9,.,.,.,.,.,.,.,.
POL,616,Poland,;Categories 2-9,29,.,12616,12835.1,13015.8,13205.5,13362.2,13492,13537.2,13550.2,13708.5,12955.1,12161.3,11601.5,.,.,.,.,.,.,.,.
PRT,620,Portugal,0;Total,0,3961,3943,3949,4352.8,4288.2,4279.2,4287.1,4402.7,4516.8,4613.1,4717.5,4857.4,4543.1,4457.6,.,.,.,.,.,.,.
PRT,620,Portugal,"1;Agriculture, hunting, forestry and fishing",1,1082,1028,998,1024.3,1018.8,1018.2,940.1,975.5,935.2,876.7,845.6,847.9,522.3,515.6,.,.,.,.,.,.,.
PRT,620,Portugal,2;Mining and quarrying,2,23,21,25,21.2,26.6,24,27.4,26.9,28.7,33.7,36,30.7,22.4,19.7,.,.,.,.,.,.,.
PRT,620,Portugal,3;Manufacturing,3,1029,1013,1019,1080.6,1019.5,1036.5,1032.1,1081,1115.4,1148.8,1161.7,1158,1073,1042.5,.,.,.,.,.,.,.
PRT,620,Portugal,"4;Electricity, gas and water",4,19,22,19,37.6,30.8,29.8,34.3,35.4,40.1,40.3,42.3,48.8,33.6,32.1,.,.,.,.,.,.,.
PRT,620,Portugal,5;Construction,5,372,394,409,402.2,372.8,354.2,352.3,377,387.2,389,384.7,392.1,370.5,365.3,.,.,.,.,.,.,.
PRT,620,Portugal,6;Wholesale and retail trade and restaurants and hotels,6,466,489,472,565.6,581.1,591.6,630.2,615.1,660.2,700.7,726.3,778.8,897.8,867.2,.,.,.,.,.,.,.
PRT,620,Portugal,"7;Transport, storage and communication",7,160,152,160,187.7,177.2,187,184.8,179.9,189.2,194.4,212.4,232.5,219.6,207.9,.,.,.,.,.,.,.
PRT,620,Portugal,"8;Financing, insurance, real estate and business services",8,80,90,97,116.7,125.9,120.2,130.8,135.3,144.6,159.2,208.3,217.4,286.4,300,.,.,.,.,.,.,.
PRT,620,Portugal,"9;Community, social and personal services",9,724,733,743,914.4,934.4,916.6,954.3,976,1014.9,1070,1098.3,1150,1117.5,1107.3,.,.,.,.,.,.,.
PRT,620,Portugal,11;not adequately defined,11,.,.,.,2.5,1.1,1.1,0.8,0.6,1.3,0.5,2,1.4,.,.,.,.,.,.,.,.,.
PRI,630,Puerto Rico,0;Total,0,760,742,709,731,773,776,834,880,938,952,971,979,987,1004,1027,1074,1112,1132,1136,1149,1174
PRI,630,Puerto Rico,"1;Agriculture, hunting, forestry and fishing",1,41,37,35,39,39,41,39,32,35,37,35,35,34,34,36,31,30,32,28,25,22
PRI,630,Puerto Rico,2;Mining and quarrying,2,.,.,.,.,.,.,1,.,.,.,.,.,.,1,1,1,1,1,1,1,1
PRI,630,Puerto Rico,3;Manufacturing,3,141,140,133,139,143,140,151,161,166,168,165,164,166,168,164,170,164,163,160,157,164
PRI,630,Puerto Rico,"4;Electricity, gas and water",4,13,14,13,12,11,12,14,15,15,17,17,17,15,15,18,16,15,15,14,13,14
PRI,630,Puerto Rico,5;Construction,5,45,41,32,31,37,37,39,46,52,55,56,54,56,56,55,58,61,66,74,84,83
PRI,630,Puerto Rico,6;Wholesale and retail trade and restaurants and hotels,6,141,141,138,144,150,149,161,171,184,184,190,194,195,202,207,217,222,233,231,231,246
PRI,630,Puerto Rico,"7;Transport, storage and communication",7,35,34,34,32,32,36,38,38,38,40,44,40,38,38,41,44,44,43,46,44,41
PRI,630,Puerto Rico,"8;Financing, insurance, real estate and business services",8,22,23,21,22,24,26,31,32,32,32,33,33,32,33,35,37,38,38,41,42,41
PRI,630,Puerto Rico,"9;Community, social and personal services",9,321,313,303,310,336,336,361,386,415,420,431,442,451,457,470,502,537,541,543,552,562
ROM,642,Romania,0;Total,0,10350.1,10375.5,10428.1,10457.8,10499.9,10586.1,10669.5,10718.6,10805.4,10945.7,10839.5,10785.8,10458,10062,.,.,.,.,.,.,.
ROM,642,Romania,"1;Agriculture, hunting, forestry and fishing",1,3087.6,3039,3022.5,3058.9,3067.9,3059.5,3061.5,3058.9,3066.9,3056.3,3153.5,3212.3,3448.8,3621.1,.,.,.,.,.,.,.
ROM,642,Romania,2;Mining and quarrying,2,258.7,259.2,263.8,271.6,268.7,271.2,268.4,304.6,300.2,311.5,259.3,277,272,259.2,.,.,.,.,.,.,.
ROM,642,Romania,3;Manufacturing,3,3375.7,3442.5,3499.1,3514.7,3545.3,3602.8,3654.9,3653.9,3707.3,3798.6,3612.7,3372,2865.2,2606.3,.,.,.,.,.,.,.
ROM,642,Romania,"4;Electricity, gas and water",4,44.3,46.9,48,48.8,51.5,53.8,55.1,55.3,57.1,58.9,132.7,153.9,163.7,165.1,.,.,.,.,.,.,.
ROM,642,Romania,5;Construction,5,857.6,797.8,803.3,791.1,779.9,787.6,788.9,791.1,771.8,766.7,705.9,500.9,579.2,574,.,.,.,.,.,.,.
ROM,642,Romania,6;Wholesale and retail trade and restaurants and hotels,6,619.9,619.6,615.3,617.7,617,617.4,619.9,633,635.4,648.9,723.6,911.8,929.2,715.7,.,.,.,.,.,.,.
ROM,642,Romania,"7;Transport, storage and communication",7,709.7,741.1,733,718,716.9,720.6,732.3,733.4,750.5,757.1,764.5,689.3,648.6,591.9,.,.,.,.,.,.,.
ROM,642,Romania,"8;Financing, insurance, real estate and business services",8,29.9,31.1,31.7,33.2,31.2,28.7,29.2,33.8,35.2,35.3,427.2,464.9,498.2,482.2,.,.,.,.,.,.,.
ROM,642,Romania,"9;Community, social and personal services",9,1366.7,1398.3,1411.4,1403.8,1421.5,1444.5,1459.3,1454.6,1481,1512.4,1060.1,1203.7,1053.1,1046.5,.,.,.,.,.,.,.
SMR,674,San Marino,0;Total,0,9.65,9.83,9.98,10.18,10.27,10.53,10.83,11.17,11.46,11.74,12.13,12.83,13.61,14.25,.,.,.,.,.,.,.
SMR,674,San Marino,"1;Agriculture, hunting, forestry and fishing",1,0.52,0.52,0.52,0.51,0.5,0.36,0.34,0.34,0.33,0.31,0.3,0.29,0.29,0.29,.,.,.,.,.,.,.
SMR,674,San Marino,3;Manufacturing,3,3.81,3.84,3.81,3.81,3.8,4.01,4.12,4.2,4.25,4.31,4.34,4.49,4.59,4.73,.,.,.,.,.,.,.
SMR,674,San Marino,"4;Electricity, gas and water",4,0.01,0.004,0.004,.,.,.,.,.,.,.,.,.,.,.,.,.,.,.,.,.,.
SMR,674,San Marino,5;Construction,5,0.91,0.91,0.9,0.88,0.9,0.91,0.89,0.88,0.89,0.92,0.96,1.05,1.1,1.19,.,.,.,.,.,.,.
SMR,674,San Marino,6;Wholesale and retail trade and restaurants and hotels,6,1.36,1.44,1.43,1.48,1.52,1.59,1.61,1.7,1.82,1.96,2.08,2.23,2.4,2.49,.,.,.,.,.,.,.
SMR,674,San Marino,"7;Transport, storage and communication",7,0.14,0.14,0.14,0.14,0.14,0.12,0.13,0.14,0.16,0.18,0.18,0.23,0.28,0.27,.,.,.,.,.,.,.
SMR,674,San Marino,"8;Financing, insurance, real estate and business services",8,0.11,0.13,0.14,0.14,0.16,0.19,0.22,0.22,0.23,0.25,0.27,0.29,0.33,0.39,.,.,.,.,.,.,.
SMR,674,San Marino,"9;Community, social and personal services",9,2.75,2.82,3.02,3.19,3.23,3.32,3.51,3.67,3.75,3.79,3.97,4.23,4.59,4.86,.,.,.,.,.,.,.
SGP,702,Singapore,0;Total,0,1068.9,1153.6,1221.1,1251.2,1269.2,1234.6,1214.4,1266.88,1331.56,1394,.,1524.31,1576.15,1592,.,.,.,.,.,.,.
SGP,702,Singapore,"1;Agriculture, hunting, forestry and fishing",1,14.1,13.1,12.3,12.6,9.5,8.6,10.1,11.02,5.82,6.3,.,4.26,5.04,3.9,.,.,.,.,.,.,.
SGP,702,Singapore,2;Mining and quarrying,2,1.6,1.3,2.8,2.5,2,2.6,1.4,0.67,0.83,0.8,.,0.43,0.48,0.3,.,.,.,.,.,.,.
SGP,702,Singapore,3;Manufacturing,3,312.6,350.4,359.7,347.6,348.1,314.2,306.6,338.63,379.1,403.7,.,429.61,434.12,429.5,.,.,.,.,.,.,.
SGP,702,Singapore,"4;Electricity, gas and water",4,9.6,7.7,8.4,9.1,9.9,8.3,8.2,7.65,8.38,7.6,.,7.07,8.02,7.5,.,.,.,.,.,.,.
SGP,702,Singapore,5;Construction,5,58.1,68.8,76.9,90,107.8,109.9,152.2,97.13,89.56,92.2,.,98.98,103.22,102.1,.,.,.,.,.,.,.
SGP,702,Singapore,6;Wholesale and retail trade and restaurants and hotels,6,244.7,251,271.5,284,285.9,289.9,280.8,296.74,304.9,318.1,.,345.33,355.99,363.6,.,.,.,.,.,.,.
SGP,702,Singapore,"7;Transport, storage and communication",7,122.4,131.8,139,141.3,132.2,125.2,120.6,128.45,129.23,137.8,.,152.93,158.38,166.8,.,.,.,.,.,.,.
SGP,702,Singapore,"8;Financing, insurance, real estate and business services",8,79.1,88.1,96.2,101.8,109,107.7,105.6,112.28,119.8,137.2,.,163.34,171.44,173.4,.,.,.,.,.,.,.
SGP,702,Singapore,"9;Community, social and personal services",9,222.8,238.4,252.2,260.5,261.6,265.6,273.9,272.59,272.01,289,.,322.03,339.19,344.1,.,.,.,.,.,.,.
SGP,702,Singapore,11;not adequately defined,11,3.8,3,2.2,1.8,3,2.6,1.9,1.67,1.9,1.3,.,0.29,0.24,0.8,.,.,.,.,.,.,.
ESP,724,Spain,0;Total,0,11557.1,11230.6,11116.5,11044.4,10743.2,10641.1,10880.9,11368.9,11772.7,12258.3,12578.8,12609.4,12366.2,11837.5,.,.,.,.,.,.,.
ESP,724,Spain,"1;Agriculture, hunting, forestry and fishing",1,2226.7,2106.8,2060.3,2067.1,1986.9,1949,1757,1721.8,1694.2,1597.9,1485.5,1345.1,1252.7,1197.8,.,.,.,.,.,.,.
ESP,724,Spain,2;Mining and quarrying,2,91.8,93.9,94.2,89.8,91.7,90.3,88.2,81.1,81.2,76.6,77.9,75.3,67.2,58.2,.,.,.,.,.,.,.
ESP,724,Spain,3;Manufacturing,3,2941.2,2802.2,2639.6,2577.3,2512.6,2418.5,2465.2,2588.9,2641.2,2736,2806.7,2728.4,2660.1,2401.7,.,.,.,.,.,.,.
ESP,724,Spain,"4;Electricity, gas and water",4,81.6,85.4,85.2,87,82.1,84.4,83,77.1,81.4,85.3,93.5,86.5,76.9,79.9,.,.,.,.,.,.,.
ESP,724,Spain,5;Construction,5,1038.2,966.7,956.5,936.5,818.3,776,831.3,925.8,1020.3,1133.9,1220.4,1273.5,1196.3,1088.5,.,.,.,.,.,.,.
ESP,724,Spain,6;Wholesale and retail trade and restaurants and hotels,6,2010.3,2007.8,1997,1961.1,1946,1952.2,2072.2,2237.5,2365.8,2459.4,2539.7,2591.4,2537.1,2692,.,.,.,.,.,.,.
ESP,724,Spain,"7;Transport, storage and communication",7,665.1,647.1,649.3,619.7,606.7,612.4,628.2,636.1,647.3,709.8,727,727.1,728,694.9,.,.,.,.,.,.,.
ESP,724,Spain,"8;Financing, insurance, real estate and business services",8,397.2,398.6,421.8,432.5,423.2,444.1,490.3,535.2,590.5,639.2,677.9,733.8,741.4,926.6,.,.,.,.,.,.,.
ESP,724,Spain,"9;Community, social and personal services",9,2096.6,2111,2199.7,2258.8,2254.1,2294.6,2447.4,2562,2650.7,2820.2,2950.2,3048.5,3106.5,2697.9,.,.,.,.,.,.,.
ESP,724,Spain,11;not adequately defined,11,8.3,11.1,12.8,14.6,20.7,19.7,18.1,3.2,.,.,.,.,.,.,.,.,.,.,.,.,.
LKA,144,Sri Lanka,0;Total,0,.,4737.7,.,.,.,5131.74,.,.,.,.,5963.7,5136,4985.75,5072.07,5148.35,5315.96,5586.94,5569.35,5946.15,.,.
LKA,144,Sri Lanka,"1;Agriculture, hunting, forestry and fishing",1,.,2172.7,.,.,.,2530.96,.,.,.,.,2851.1,2125.8,2175,1960.7,2191.58,1985.32,1962.67,2080.72,2472.29,.,.
LKA,144,Sri Lanka,2;Mining and quarrying,2,.,63.7,.,.,.,66.72,.,.,.,.,161.4,86.7,58.5,61.7,30.74,56.44,68.66,87.69,78.24,.,.
LKA,144,Sri Lanka,3;Manufacturing,3,.,568.2,.,.,.,648.46,.,.,.,.,868.5,947.6,672.2,644.57,782.17,864.04,838.03,845.63,914.7,.,.
LKA,144,Sri Lanka,"4;Electricity, gas and water",4,.,18,.,.,.,21.48,.,.,.,.,13.4,13.8,12.2,40.78,19.67,24.66,24.52,48.05,35.37,.,.
LKA,144,Sri Lanka,5;Construction,5,.,229.1,.,.,.,226.91,.,.,.,.,183.4,270.7,224.4,273.11,171.55,300.39,320.88,326.06,309.34,.,.
LKA,144,Sri Lanka,6;Wholesale and retail trade and restaurants and hotels,6,.,490.8,.,.,.,513.87,.,.,.,.,510.5,506.2,538.9,557.9,666.27,557.09,705.14,758.91,593.74,.,.
LKA,144,Sri Lanka,"7;Transport, storage and communication",7,.,197.4,.,.,.,220.02,.,.,.,.,246.8,168.4,166.6,249.34,205.42,244.7,259.48,251.75,268.06,.,.
LKA,144,Sri Lanka,"8;Financing, insurance, real estate and business services",8,.,52.9,.,.,.,65.09,.,.,.,.,49.5,91.6,105.4,106.39,97.55,91.5,118.02,77.37,117.19,.,.
LKA,144,Sri Lanka,"9;Community, social and personal services",9,.,648.1,.,.,.,631.4,.,.,.,.,980.3,751.6,579.7,929.34,825.39,893.51,1083.13,899.16,1006.73,.,.
LKA,144,Sri Lanka,11;not adequately defined,11,.,296.7,.,.,.,206.79,.,.,.,.,99,173.4,152.8,248.2,157.96,298.27,206.37,194.27,150.43,.,.
SUR,740,Suriname,0;Total,0,.,.,.,.,.,.,.,.,.,.,81.68,.,88.63,83.41,77.89,82.45,87.2,82.85,88.24,72.83,.
SUR,740,Suriname,"1;Agriculture, hunting, forestry and fishing",1,.,.,.,.,.,.,.,.,.,.,3.01,.,3.75,3.72,4.76,5.72,5.11,4.3,4.92,4.45,.
SUR,740,Suriname,2;Mining and quarrying,2,.,.,.,.,.,.,.,.,.,.,2.6,.,2.2,2.56,3.25,3.02,4.19,3.61,3.44,1.72,.
SUR,740,Suriname,3;Manufacturing,3,.,.,.,.,.,.,.,.,.,.,8.52,.,8.16,7.75,6.28,6.38,7.26,6.15,7.09,2.86,.
SUR,740,Suriname,"4;Electricity, gas and water",4,.,.,.,.,.,.,.,.,.,.,0.39,.,0.85,0.94,1.13,0.95,1.31,1.34,1.64,1,.
SUR,740,Suriname,5;Construction,5,.,.,.,.,.,.,.,.,.,.,4.25,.,4.98,4.29,4.16,7.1,7.76,7.28,9.89,4.95,.
SUR,740,Suriname,6;Wholesale and retail trade and restaurants and hotels,6,.,.,.,.,.,.,.,.,.,.,12.8,.,13.57,13.07,11.42,12.9,14.86,16.28,16.47,17.26,.
SUR,740,Suriname,"7;Transport, storage and communication",7,.,.,.,.,.,.,.,.,.,.,4.98,.,6.64,5.06,5.07,3.9,6.79,5.59,5.79,5.81,.
SUR,740,Suriname,"8;Financing, insurance, real estate and business services",8,.,.,.,.,.,.,.,.,.,.,2.93,.,3.18,3.49,3.47,4.93,3.87,4.22,3.76,4.54,.
SUR,740,Suriname,"9;Community, social and personal services",9,.,.,.,.,.,.,.,.,.,.,39.15,.,41.34,39.6,35.67,33.58,31.96,30.26,31.95,27.3,.
SUR,740,Suriname,11;not adequately defined,11,.,.,.,.,.,.,.,.,.,.,3,.,3.97,2.89,2.66,3.93,4.06,3.86,3.26,2.9,.
SWE,752,Sweden,0;Total,0,4232,4225,4219,4224,4255,4299,4299,4281,4342,4408,4449,4373,4195,3964,3926,.,.,.,.,.,.
SWE,752,Sweden,"1;Agriculture, hunting, forestry and fishing",1,237,237,236,230,218,208,172,175,172,163,153,147,140,136,135,.,.,.,.,.,.
SWE,752,Sweden,2;Mining and quarrying,2,15,14,14,14,15,15,12,13,12,12,12,12,11,11,10,.,.,.,.,.,.
SWE,752,Sweden,3;Manufacturing,3,1025,984,946,941,953,968,958,941,947,958,933,872,794,726,720,.,.,.,.,.,.
SWE,752,Sweden,"4;Electricity, gas and water",4,36,37,40,40,40,40,41,40,39,36,36,37,36,35,32,.,.,.,.,.,.
SWE,752,Sweden,5;Construction,5,287,288,277,267,260,260,264,276,276,287,310,310,271,236,219,.,.,.,.,.,.
SWE,752,Sweden,6;Wholesale and retail trade and restaurants and hotels,6,582,583,582,582,586,591,610,603,622,648,643,620,601,567,568,.,.,.,.,.,.
SWE,752,Sweden,"7;Transport, storage and communication",7,295,293,300,295,294,300,316,304,303,306,313,313,300,277,271,.,.,.,.,.,.
SWE,752,Sweden,"8;Financing, insurance, real estate and business services",8,283,282,288,302,316,321,330,317,338,357,371,382,383,368,379,.,.,.,.,.,.
SWE,752,Sweden,"9;Community, social and personal services",9,1472,1508,1536,1552,1574,1594,1603,1611,1627,1636,1671,1675,1651,1602,1589,.,.,.,.,.,.
SWE,752,Sweden,11;not adequately defined,11,.,.,.,.,.,.,.,3,5,4,5,5,6,6,4,.,.,.,.,.,.
THA,764,Thailand,0;Total,0,22523.1,20873,21611.4,22911.1,23802.5,25852.6,26690.7,27639.1,29462.3,30613.8,30842,31136.5,32383,32150.2,32093.2,32573.1,32231.6,33162.3,32138,32087.1,33001
THA,764,Thailand,"1;Agriculture, hunting, forestry and fishing",1,15942.7,13404,13294.3,14461.5,15320.4,17674.5,17815.5,17789.2,19576.5,20401.9,19725.6,18777.3,19704.7,18244.5,17960.2,16929.2,16127,16691.2,16471.7,15563.5,16095.5
THA,764,Thailand,2;Mining and quarrying,2,36.6,67.7,83.5,59.9,128.7,69.2,41.7,55,42.9,44.3,53.9,54.3,62.1,57.1,50.2,45.6,47,46.9,41.3,51.9,38.9
THA,764,Thailand,3;Manufacturing,3,1788.9,1915,2205.7,2189.6,2188.2,2280,2068.8,2438,2460.6,2769.9,3132.5,3465,3600,3961,3850.9,4376.6,4334.2,4291.9,4189.4,4394.6,4784.8
THA,764,Thailand,"4;Electricity, gas and water",4,59.9,72.7,71.1,106.6,113.5,106.8,123.5,119.2,119.6,118.5,108.6,110.2,121.2,144.7,184.8,167.8,142.8,178.4,177.2,158,172.5
THA,764,Thailand,5;Construction,5,435.9,623.3,626,628.4,681.2,663.8,589.7,638.6,702.1,718.1,1026.3,1178.2,1318.6,1474.7,1697.8,1845.8,2171.9,2020.7,1279.6,1285.6,1280
THA,764,Thailand,6;Wholesale and retail trade and restaurants and hotels,6,1915.9,2026.8,2352.6,2303.8,2355.2,2591.7,2695.1,2995.9,2896.7,2921.5,2976,3477,3399,3704.1,3617.5,4094.4,4341.4,4601.1,4463.6,4736.1,4801.5
THA,764,Thailand,"7;Transport, storage and communication",7,455.9,418.4,522.9,577,559.8,574.6,604,632.9,640.3,663.5,732.7,833.9,779.1,879.3,857.8,986.4,953.7,980.3,922.7,989.2,951.2
THA,764,Thailand,"9;Community, social and personal services",8,1886.8,2343.8,2453.8,2576.9,2452,2529.9,2730.5,2946.7,3010.3,2957.1,3064.9,3225.6,3366.6,3667.7,3859.6,4121.6,4094.2,4342.1,4584.3,4892.4,4864.8
THA,764,Thailand,11;not adequately defined,9,0.5,1.3,1.5,3.8,3.4,8.2,21.2,23,7.7,19,21.5,15,31.7,17.7,14.4,5.7,19.4,9.3,7.8,15.3,10.2
TTO,780,Trinidad and Tobago,0;Total,0,387.9,389.6,400.9,399.4,406.8,392.2,390.5,372.3,371.5,365.7,374.1,401,405.9,404.5,415.6,431.5,444.2,459.8,479.3,489.4,503.1
TTO,780,Trinidad and Tobago,"1;Agriculture, hunting, forestry and fishing",1,39.6,38.2,34.9,34.2,38,42.3,43.5,43.4,48.2,50.6,46.1,47,46.8,45.8,51.4,45.9,42.6,43.7,39,39.7,36.3
TTO,780,Trinidad and Tobago,2;Mining and quarrying,2,.,.,.,.,.,.,.,.,16.9,17.3,16.9,18.2,15.6,15,15.8,16.6,17.2,17.6,18.5,15.6,16.5
TTO,780,Trinidad and Tobago,3;Manufacturing,3,62.2,68,71.5,67.5,63.6,58,53.7,51.4,38,36.5,37.2,43.2,42.2,40.3,41.4,44.2,44.7,46.8,51.5,53,54.9
TTO,780,Trinidad and Tobago,"4;Electricity, gas and water",4,.,.,.,.,.,.,.,.,8.1,7.3,7.8,8.4,7.7,7.1,6.7,6.7,7.5,6.1,6.3,6.2,6.9
TTO,780,Trinidad and Tobago,5;Construction,5,81,86.1,85.4,83.4,80.8,71.6,60.8,56.8,40,38,39.7,45.5,43.9,44.3,41.7,42.6,44,50.8,58.8,60.8,62.8
TTO,780,Trinidad and Tobago,6;Wholesale and retail trade and restaurants and hotels,6,79.2,73.9,85.6,91.2,97.4,93.6,82.1,59.4,61.4,61.3,62.8,67.4,69.4,71.1,70.7,80.6,81.6,81,83.3,88.8,95.2
TTO,780,Trinidad and Tobago,"7;Transport, storage and communication",7,32.4,31.7,27.8,29.6,32.6,28.3,28,28.8,28.9,27,27.3,27.3,29.4,30,29.8,30.8,30.7,31.8,35.5,35.7,39.2
TTO,780,Trinidad and Tobago,"8;Financing, insurance, real estate and business services",8,.,.,.,.,.,.,.,.,22.5,23,23.9,27.7,28.8,27.9,29.7,30.7,36.4,38.8,39,37.6,39.2
TTO,780,Trinidad and Tobago,"9;Community, social and personal services",9,92.6,90.6,94.8,93.3,94.3,98.2,122.4,132.4,107.1,104.4,112.2,115.7,121.7,122.8,128.2,133.3,139.5,143.1,147.1,151.5,151.4
TTO,780,Trinidad and Tobago,11;not adequately defined,11,0.9,1,0.8,.,0.1,0.2,.,0.1,0.4,0.3,0.2,0.5,0.2,0.2,0.1,0.2,0.1,0.3,0.3,0.4,0.5
TUR,792,Turkey,0;Total,0,.,.,5328,6075,6317,16162,.,.,18445,18856,19946,19022,19085,18047,19401,19893,20388,20362,20872,21413,.
TUR,792,Turkey,"1;Agriculture, hunting, forestry and fishing",1,.,.,228,291,275,7272,.,.,8735,9092,9356,9094,8526,7608,8450,8634,8736,8299,8461,8872,.
TUR,792,Turkey,2;Mining and quarrying,2,.,.,56,57,52,125,.,.,220,155,214,176,157,134,176,150,158,153,140,111,.
TUR,792,Turkey,3;Manufacturing,3,.,.,1400,1519,1613,2353,.,.,2629,2796,2958,2674,2877,2636,2935,2956,3159,3363,3388,3386,.
TUR,792,Turkey,"4;Electricity, gas and water",4,.,.,15,13,10,16,.,.,28,30,13,22,48,101,101,112,84,109,110,83,.
TUR,792,Turkey,5;Construction,5,.,.,390,359,386,735,.,.,1015,976,937,962,1033,1215,1181,1211,1267,1286,1290,1294,.
TUR,792,Turkey,6;Wholesale and retail trade and restaurants and hotels,6,.,.,1153,1287,1364,1855,.,.,2084,2108,2278,2159,2339,2366,2484,2662,2676,2831,2920,3074,.
TUR,792,Turkey,"7;Transport, storage and communication",7,.,.,382,467,518,817,.,.,785,816,851,816,867,923,881,866,888,888,946,893,.
TUR,792,Turkey,"8;Financing, insurance, real estate and business services",8,.,.,228,316,324,401,.,.,425,444,436,427,466,422,468,472,496,513,529,566,.
TUR,792,Turkey,"9;Community, social and personal services",9,.,.,1449,1752,1766,2584,.,.,2524,2439,2904,2694,2775,2644,2725,2833,2926,2921,3088,3136,.
GBR,826,United Kingdom,0;Total,0,25327,24345,23907,23624,24235,24539,24568,25083,25914,26684,27191,26305,25728,25317,.,.,.,.,.,.,.
GBR,826,United Kingdom,"1;Agriculture, hunting, forestry and fishing",1,654,639,632,622,615,616,603,591,580,566,603,607,576,547,.,.,.,.,.,.,.
GBR,826,United Kingdom,2;Mining and quarrying,2,440,414,398,377,349,330,287,252,229,223,.,.,.,.,.,.,.,.,.,.,.
GBR,826,United Kingdom,3;Manufacturing,3,7016,6325,5968,5636,5557,5540,5414,5351,5437,5445,7806,7242,6844,6565,.,.,.,.,.,.,.
GBR,826,United Kingdom,"4;Electricity, gas and water",4,353,350,336,322,313,303,295,289,238,283,.,.,.,.,.,.,.,.,.,.,.
GBR,826,United Kingdom,5;Construction,5,1617,1518,1465,1453,1501,1492,1476,1551,1640,1805,.,.,.,.,.,.,.,.,.,.,.
GBR,826,United Kingdom,6;Wholesale and retail trade and restaurants and hotels,6,4790,4687,4653,4619,4833,4894,4891,4933,5137,5366,18479,18159,18018,17934,.,.,.,.,.,.,.
GBR,826,United Kingdom,"7;Transport, storage and communication",7,1580,1524,1475,1437,1459,1431,1409,1440,1458,1524,.,.,.,.,.,.,.,.,.,.,.
GBR,826,United Kingdom,"8;Financing, insurance, real estate and business services",8,1865,1926,1999,2089,2196,2327,2441,2582,2774,2999,.,.,.,.,.,.,.,.,.,.,.
GBR,826,United Kingdom,"9;Community, social and personal services",9,6689,6629,6657,6747,7088,7281,7430,7746,8055,8165,.,.,.,.,.,.,.,.,.,.,.
GBR,826,United Kingdom,11;not adequately defined,11,323,334,324,322,326,326,322,319,316,308,303,297,290,271,.,.,.,.,.,.,.
GBR,826,United Kingdom,;Categories 2-9,29,24673,23707,23275,23002,23621,23923,23965,24492,25334,26117,26588,25698,25152,24770,.,.,.,.,.,.,.
USA,840,United States,0;Total,0,99303,100397,99526,100834,105005,107150,109597,112440,114968,117342,118793,117718,118492,120259,123060,124900,126708,129558,131463,133488,135208
USA,840,United States,"1;Agriculture, hunting, forestry and fishing",1,3529,3519,3571,3541,3469,3338,3350,3400,3326,3378,3394,3429,3421,3300,3586,3592,3570,3538,3509,3416,3457
USA,840,United States,2;Mining and quarrying,2,979,1118,1028,921,957,939,880,818,753,719,724,732,666,672,669,627,569,634,620,565,521
USA,840,United States,3;Manufacturing,3,21942,21817,20286,19946,20995,20879,20962,20935,21320,21652,21346,20580,20124,19711,20157,20493,20518,20835,20733,20070,19940
USA,840,United States,"4;Electricity, gas and water",4,1405,1426,1428,1464,1499,1486,1455,1539,1551,1506,1582,1583,1621,1599,1545,1512,1489,1493,1496,1468,1447
USA,840,United States,5;Construction,5,6215,6060,5756,6149,6665,6987,7288,7456,7603,7680,7764,7140,7063,7276,7493,7668,7943,8302,8518,8987,9433
USA,840,United States,6;Wholesale and retail trade and restaurants and hotels,6,20191,20524,20758,21145,21979,22296,22813,23392,23663,24230,24622,24418,24722,25143,25699,26071,26497,26777,27203,27572,27832
USA,840,United States,"7;Transport, storage and communication",7,5120,5207,5124,5524,5859,6062,6195,6341,6513,6588,6586,6651,6663,6927,7147,7197,7328,7689,7811,8086,8294
USA,840,United States,"8;Financing, insurance, real estate and business services",8,8351,8651,9066,9737,10380,11005,11707,12469,12972,13277,13422,13234,12569,13054,13566,13689,14180,14768,15452,16054,16515
USA,840,United States,"9;Community, social and personal services",9,31569,32075,32512,32406,33202,34158,34948,36091,37267,38312,39352,39952,41643,42576,43198,44052,44614,45521,46121,47271,47770
URY,858,Uruguay,0;Total,0,.,.,.,.,932.6,.,1021.2,1090.7,1103.1,1134.4,1136.2,1128.4,1146.4,1156,1187.5,1206,.,.,1103.7,1082.1,1067.6
URY,858,Uruguay,"1;Agriculture, hunting, forestry and fishing",1,.,.,.,.,41.1,.,55.9,63.3,62.9,62.9,57.9,49.9,1.7,2,1.5,1.8,.,.,1.6,1.4,2
URY,858,Uruguay,2;Mining and quarrying,2,.,.,.,.,.,.,.,.,.,.,.,.,.,.,.,.,.,.,.,.,.
URY,858,Uruguay,3;Manufacturing,3,.,.,.,.,189.9,.,214.1,245.7,236.1,246.5,242,244.9,242,239.1,229.7,216.7,.,.,177.9,170.5,171
URY,858,Uruguay,"4;Electricity, gas and water",4,.,.,.,.,.,.,.,.,.,.,.,.,16.6,16,14.6,16.2,.,.,10.9,10.2,13.1
URY,858,Uruguay,5;Construction,5,.,.,.,.,50.7,.,49.1,67.3,70.5,77.3,75.4,77.3,78.5,82.1,86.2,86.7,.,.,82.5,90.5,88.7
URY,858,Uruguay,6;Wholesale and retail trade and restaurants and hotels,6,.,.,.,.,170.8,.,174,182,194,195.9,203.4,202,205.8,217.2,229.2,236.5,.,.,223.6,214.3,214.1
URY,858,Uruguay,"7;Transport, storage and communication",7,.,.,.,.,64.7,.,76.7,71.6,69.2,68.8,69.3,62.4,65.2,64.3,71.2,69.2,.,.,66.9,66.2,61.5
URY,858,Uruguay,"8;Financing, insurance, real estate and business services",8,.,.,.,.,48,.,48.5,52.9,48.8,55.8,54,56.4,64.4,64.2,68.7,74.7,.,.,70.4,71.9,72
URY,858,Uruguay,"9;Community, social and personal services",9,.,.,.,.,367.3,.,402.9,407.3,421.6,427.3,434.3,434.3,419.9,425.7,435.5,446.4,.,.,426.8,415.4,415.5
URY,858,Uruguay,11;not adequately defined,11,.,.,.,.,.,.,.,.,.,.,.,1.1,0.6,0.3,.,.,.,.,.,.,0.4
VEN,862,Venezuela,0;Total,0,4245.05,4754.6,4887.13,4908.07,4923.29,5106.11,5396,5694.18,6035.43,6112.56,6404.46,6701.18,6986.38,7102.68,7265.86,7666.99,7819.14,8286.8,8710.66,8716.5,8821.8
VEN,862,Venezuela,"1;Agriculture, hunting, forestry and fishing",1,637.38,692.76,706.66,727.93,791.51,826.19,836.7,814.12,813.93,821.88,860.24,846.1,822.31,800.09,1002.08,1035.11,1056.43,894.02,867.6,887.3,899.5
VEN,862,Venezuela,2;Mining and quarrying,2,62.85,61.46,74.18,73.25,71.3,68.89,61.58,57.5,64.07,62.68,66.79,71.62,76.48,70.86,78.14,72.41,77.64,90.49,80.6,58.4,54.6
VEN,862,Venezuela,3;Manufacturing,3,674.68,760.21,766.81,725.8,726.77,790.39,878.12,978,1061.5,1001.17,993.11,1064.97,1119.5,1094.42,968.93,1041.35,1005.46,1122.45,1222.3,1187.9,1147
VEN,862,Venezuela,"4;Electricity, gas and water",4,49.94,54.95,57.88,69.36,66.1,63.47,56.18,63.79,63.74,61.04,64.35,63.25,65.41,57.67,54.76,65.88,63.6,66.21,62.6,57.7,59.5
VEN,862,Venezuela,5;Construction,5,386.68,434.12,464.17,391.63,353.39,350.22,419.52,470.18,505.03,456.6,492.91,545.16,598.49,642.39,602.92,624.68,600.13,694.39,764.1,678.7,707.5
VEN,862,Venezuela,6;Wholesale and retail trade and restaurants and hotels,6,802.9,890.14,907.21,926.74,930.29,1001.92,1066.36,1109.07,1191.89,1243.28,1349.34,1425.93,1507.05,1574.65,1570.34,1733.94,1793.16,1985.5,2179.8,2262.4,2292.6
VEN,862,Venezuela,"7;Transport, storage and communication",7,302.42,363.64,366.93,377.43,355.27,338.41,338.6,356.82,373,378.93,389.51,392.34,414.73,464.07,456.95,478.22,521.77,534.39,557.5,604.4,612.1
VEN,862,Venezuela,"8;Financing, insurance, real estate and business services",8,186.94,211.47,220.88,228.02,220.76,257.82,279.77,296.9,333.73,346.13,358.42,381.08,403.09,445.04,442.67,426.27,481.95,466.33,445.5,468.3,455.6
VEN,862,Venezuela,"9;Community, social and personal services",9,1139.31,1282.3,1317.59,1381.96,1403.77,1407.6,1458.13,1545.6,1622.8,1732.52,1823.74,1908.07,1975.57,1948.23,2033.88,2179.38,2205.91,2411.7,2509,2502.2,2583.5
VEN,862,Venezuela,11;not adequately defined,11,1.98,3.55,4.82,5.95,4.13,1.16,1,2.15,5.71,3.29,6.01,2.62,3.72,5.22,54.53,9.72,13.06,21.27,21.8,9.1,9.7
MAC,446,"China, Macao Special Administrative Region",Total,0,.,.,.,.,.,.,.,.,161.98,163.28,169.73,169.18,171.35,172.96,180.34,193.8,195.8,.,.,.,.
MAC,446,"China, Macao Special Administrative Region","1. Agriculture, hunting, forestry and fishing",1,.,.,.,.,.,.,.,.,1.03,0.28,0.1,0.3,0.3,0.03,0.4,0.3,0.3,.,.,.,.
MAC,446,"China, Macao Special Administrative Region",2. Mining and quarrying,2,.,.,.,.,.,.,.,.,.,.,.,0.01,0.03,0.03,0.04,.,.,.,.,.,.
MAC,446,"China, Macao Special Administrative Region",3. Manufacturing,3,.,.,.,.,.,.,.,.,59.49,53.17,55.29,48.22,42.84,39.48,39.22,40.3,41.2,.,.,.,.
MAC,446,"China, Macao Special Administrative Region","4. Electricity, gas and water",4,.,.,.,.,.,.,.,.,1.93,1.87,1.61,0.91,0.69,1.1,1.35,1.3,1.4,.,.,.,.
MAC,446,"China, Macao Special Administrative Region",5. Construction,5,.,.,.,.,.,.,.,.,14.23,14.26,14.64,15.74,17.12,12.97,17.16,14.4,13.8,.,.,.,.
MAC,446,"China, Macao Special Administrative Region",6. Wholesale and retail trade and restaurants and hotels,6,.,.,.,.,.,.,.,.,31.63,35.21,36.58,41.2,44.51,45.07,46.14,53.2,51.6,.,.,.,.
MAC,446,"China, Macao Special Administrative Region","7. Transport, storage and communication",7,.,.,.,.,.,.,.,.,7.07,7.63,8.02,9.52,10.45,10.25,10.38,12,13.1,.,.,.,.
MAC,446,"China, Macao Special Administrative Region","8. Financing, insurance, real estate and business services",8,.,.,.,.,.,.,.,.,6.6,5.57,5.88,8.99,9.2,10.81,11.1,12.8,13.3,.,.,.,.
MAC,446,"China, Macao Special Administrative Region","9. Community, social and personal services",9,.,.,.,.,.,.,.,.,38.23,44.96,47.37,43.85,45.47,52.66,54.26,59.3,60.9,.,.,.,.
MAC,446,"China, Macao Special Administrative Region",Activities not adequately defined,11,.,.,.,.,.,.,.,.,1.74,0.28,0.2,0.38,0.68,0.52,0.26,0.2,0.1,.,.,.,.
